{
  // Build Fields
    "MANUFACTURER": "Google",
    "MODEL": "Pixel 8 Pro",
    "FINGERPRINT": "google/husky_beta/husky:CANARY/ZP11.250627.009/13818224:user/release-keys",
    "BRAND": "google",
    "PRODUCT": "husky_beta",
    "DEVICE": "husky",
    "RELEASE": "CANARY",
    "ID": "ZP11.250627.009",
    "INCREMENTAL": "13818224",
    "TYPE": "user",
    "TAGS": "release-keys",
    "SECURITY_PATCH": "2025-07-05",
    "DEVICE_INITIAL_SDK_INT": "32",

  // System Properties
    "*.build.id": "ZP11.250627.009",
    "*.security_patch": "2025-07-05",
    "*api_level": "32",

  // Advanced Settings
    "spoofBuild": "1",
    "spoofProps": "1",
    "spoofProvider": "1",
    "spoofSignature": "0",
    "spoofVendingSdk": "0",
    "verboseLogs": "3"

  // Name: A16-CANARY-Jul24-Pixel_8_Pro-husky
  // Beta Released: 2025-07-24
  // Estimated Expiry: 2025-09-04
}
