{
  "COMMENT": "OnePlus 9 Pro Europe LE2123 (11):OnePlus:LE2123=OnePlus/OnePlus9Pro_EEA/OnePlus9Pro:11/RKQ1.201105.002/2109102008:user/release-keys__2021-09-01",
  "MANUFACTURER": "Oneplus",
  "MODEL": "LE2123",
  "PRODUCT": "OnePlus9Pro_EEA",
  "DEVICE": "OnePlus9Pro",
  "BRAND": "OnePlus",
  "FINGERPRINT": "OnePlus/OnePlus9Pro_EEA/OnePlus9Pro:11/RKQ1.201105.002/2109102008:user/release-keys",
  "SECURITY_PATCH": "2021-09-01",
  "BUILD_ID": "RKQ1.201105.002",
  "RELEASE": "11",
  "INCREMENTAL": "2109102008",
  "TYPE": "user",
  "TAGS": "release-keys",
  "FIRST_API_LEVEL": "30"
}
