{
  "COMMENT": "OnePlus 9 Europe LE2113 (11):OnePlus:LE2113=OnePlus/OnePlus9_EEA/OnePlus9:11/RKQ1.201105.002/2109102009:user/release-keys__2021-09-01",
  "MANUFACTURER": "Oneplus",
  "MODEL": "LE2113",
  "PRODUCT": "OnePlus9_EEA",
  "DEVICE": "OnePlus9",
  "BRAND": "OnePlus",
  "FINGERPRINT": "OnePlus/OnePlus9_EEA/OnePlus9:11/RKQ1.201105.002/2109102009:user/release-keys",
  "SECURITY_PATCH": "2021-09-01",
  "BUILD_ID": "RKQ1.201105.002",
  "RELEASE": "11",
  "INCREMENTAL": "2109102009",
  "TYPE": "user",
  "TAGS": "release-keys",
  "FIRST_API_LEVEL": "30"
}
