{
  "COMMENT": "Asus Smartphone for Snapdragon Insiders ASUS_I007D (11):asus:ASUS_I007D=asus/WW_I007D/ASUS_I007_1:11/RKQ1.201112.002/18.1030.2107.138-0:user/release-keys__2021-07-01",
  "MANUFACTURER": "Asus",
  "MODEL": "ASUS_I007D",
  "PRODUCT": "WW_I007D",
  "DEVICE": "ASUS_I007_1",
  "BRAND": "asus",
  "FINGERPRINT": "asus/WW_I007D/ASUS_I007_1:11/RKQ1.201112.002/18.1030.2107.138-0:user/release-keys",
  "SECURITY_PATCH": "2021-07-01",
  "BUILD_ID": "RKQ1.201112.002",
  "RELEASE": "11",
  "INCREMENTAL": "18.1030.2107.138-0",
  "TYPE": "user",
  "TAGS": "release-keys",
  "FIRST_API_LEVEL": "30"
}
