{
  "COMMENT": "OPPO A53s Europe (10):OPPO:CPH2135=OPPO/CPH2135EEA/OP4EFDL1:10/QKQ1.200614.002/1605790610:user/release-keys__2020-11-05",
  "MANUFACTURER": "OPPO",
  "MODEL": "CPH2135",
  "PRODUCT": "CPH2135EEA",
  "DEVICE": "OP4EFDL1",
  "BRAND": "OPPO",
  "FINGERPRINT": "OPPO/CPH2135EEA/OP4EFDL1:10/QKQ1.200614.002/1605790610:user/release-keys",
  "SECURITY_PATCH": "2020-11-05",
  "BUILD_ID": "QKQ1.200614.002",
  "RELEASE": "10",
  "INCREMENTAL": "1605790610",
  "TYPE": "user",
  "TAGS": "release-keys",
  "FIRST_API_LEVEL": "29"
}
