{
  "COMMENT": "Redmi Note 8 Pro Global (9 & 10):Redmi:Redmi Note 8 Pro=Redmi/begonia/begonia:9/PPR1.180610.011/V10.4.1.0.PGGMIXM:user/release-keys__2019-09-01;Redmi/begonia/begonia:10/QP1A.190711.020/V12.0.3.0.QGGMIXM:user/release-keys__2020-08-01",
  "MANUFACTURER": "Redmi",
  "MODEL": "Redmi Note 8 Pro",
  "PRODUCT": "begonia",
  "DEVICE": "begonia",
  "BRAND": "Redmi",
  "FINGERPRINT": "Redmi/begonia/begonia:10/QP1A.190711.020/V12.0.3.0.QGGMIXM:user/release-keys",
  "SECURITY_PATCH": "2020-08-01",
  "BUILD_ID": "QP1A.190711.020",
  "RELEASE": "10",
  "INCREMENTAL": "V12.0.3.0.QGGMIXM",
  "TYPE": "user",
  "TAGS": "release-keys",
  "FIRST_API_LEVEL": "28"
}
