{
  "COMMENT": "LG G5 H850 (8.0.0):LGE:LG-H850=lge/h1_global_com/h1:8.0.0/OPR1.170623.032/190380127377a:user/release-keys__2018-12-01",
  "MANUFACTURER": "LGE",
  "MODEL": "LG-H850",
  "PRODUCT": "h1_global_com",
  "DEVICE": "h1",
  "BRAND": "lge",
  "FINGERPRINT": "lge/h1_global_com/h1:8.0.0/OPR1.170623.032/190380127377a:user/release-keys",
  "SECURITY_PATCH": "2018-12-01",
  "BUILD_ID": "OPR1.170623.032",
  "RELEASE": "8.0.0",
  "INCREMENTAL": "190380127377a",
  "TYPE": "user",
  "TAGS": "release-keys",
  "FIRST_API_LEVEL": "26"
}
