{
  "COMMENT": "Samsung Galaxy J2 Core SM-S260DL (8.1.0):samsung:SM-S260DL:=samsung/j2corepltetfntmo/j2corepltetfntmo:8.1.0/M1AJQ/S260DLUDU1ASC7:user/release-keys__2019-03-01",
  "MANUFACTURER": "Samsung",
  "MODEL": "SM-S260DL",
  "PRODUCT": "j2corepltetfntmo",
  "DEVICE": "j2corepltetfntmo",
  "BRAND": "samsung",
  "FINGERPRINT": "samsung/j2corepltetfntmo/j2corepltetfntmo:8.1.0/M1AJQ/S260DLUDU1ASC7:user/release-keys",
  "SECURITY_PATCH": "2019-03-01",
  "BUILD_ID": "M1AJQ",
  "RELEASE": "8.1.0",
  "INCREMENTAL": "S260DLUDU1ASC7",
  "TYPE": "user",
  "TAGS": "release-keys",
  "FIRST_API_LEVEL": "27"
}
