{
  "COMMENT": "Google Pixel (7.1 & 7.1.1 & 7.1.2 & 8.0.0 & 8.1.0 & 9 & 10):Google:Pixel=google/sailfish/sailfish:7.1/NDE63V/3389651:user/release-keys;google/sailfish/sailfish:7.1.1/NOF27D/3757586:user/release-keys;google/sailfish/sailfish:7.1.2/NJH47F/4146041:user/release-keys;google/sailfish/sailfish:8.0.0/OPR3.170623.013/4397526:user/release-keys;google/sailfish/sailfish:8.1.0/OPM4.171019.021.P1/4820305:user/release-keys__2018-07-05;google/sailfish/sailfish:9/PQ3A.190801.002/5670241:user/release-keys__2019-08-01;google/sailfish/sailfish:10/QP1A.191005.007.A3/5972272:user/release-keys__2019-10-06",
  "MANUFACTURER": "Google",
  "MODEL": "Pixel",
  "PRODUCT": "sailfish",
  "DEVICE": "sailfish",
  "BRAND": "google",
  "FINGERPRINT": "google/sailfish/sailfish:7.1/NDE63V/3389651:user/release-keys",
  "BUILD_ID": "NDE63V",
  "RELEASE": "7.1",
  "INCREMENTAL": "3389651",
  "TYPE": "user",
  "TAGS": "release-keys",
  "FIRST_API_LEVEL": "25"
}
