{
  "COMMENT": "OnePlus 8 T-Mobile IN2017 (10 & 11):OnePlus:IN2017=OnePlus/OnePlus8TMO/OnePlus8TMO:10/QKQ1.191222.002/2006102149:user/release-keys__2020-06-01;OnePlus/OnePlus8TMO/OnePlus8TMO:11/RP1A.201005.001/2109301920:user/release-keys__2021-10-01",
  "MANUFACTURER": "Oneplus",
  "MODEL": "IN2017",
  "PRODUCT": "OnePlus8TMO",
  "DEVICE": "OnePlus8TMO",
  "BRAND": "OnePlus",
  "FINGERPRINT": "OnePlus/OnePlus8TMO/OnePlus8TMO:10/QKQ1.191222.002/2006102149:user/release-keys",
  "SECURITY_PATCH": "2020-06-01",
  "BUILD_ID": "QKQ1.191222.002",
  "RELEASE": "10",
  "INCREMENTAL": "2006102149",
  "TYPE": "user",
  "TAGS": "release-keys",
  "FIRST_API_LEVEL": "29"
}
