{
  "COMMENT": "OnePlus 3 (8.0.0 & 9):OnePlus:ONEPLUS A3000=OnePlus/OnePlus3/OnePlus3:8.0.0/OPR1.170623.032/1809142047:user/release-keys__2018-09-01;OnePlus/OnePlus3/OnePlus3:9/PKQ1.181203.001/1911042107:user/release-keys__2019-10-01",
  "MANUFACTURER": "Oneplus",
  "MODEL": "ONEPLUS A3000",
  "PRODUCT": "OnePlus3",
  "DEVICE": "OnePlus3",
  "BRAND": "OnePlus",
  "FINGERPRINT": "OnePlus/OnePlus3/OnePlus3:8.0.0/OPR1.170623.032/1809142047:user/release-keys",
  "SECURITY_PATCH": "2018-09-01",
  "BUILD_ID": "OPR1.170623.032",
  "RELEASE": "8.0.0",
  "INCREMENTAL": "1809142047",
  "TYPE": "user",
  "TAGS": "release-keys",
  "FIRST_API_LEVEL": "26"
}
