{
  "COMMENT": "OnePlus Nord CE Europe EB2103 (11):OnePlus:EB2103=OnePlus/OnePlusNordCE_EEA/OnePlusNordCE:11/RKQ1.201217.002/2109152207:user/release-keys__2021-09-01",
  "MANUFACTURER": "Oneplus",
  "MODEL": "EB2103",
  "PRODUCT": "OnePlusNordCE_EEA",
  "DEVICE": "OnePlusNordCE",
  "BRAND": "OnePlus",
  "FINGERPRINT": "OnePlus/OnePlusNordCE_EEA/OnePlusNordCE:11/RKQ1.201217.002/2109152207:user/release-keys",
  "SECURITY_PATCH": "2021-09-01",
  "BUILD_ID": "RKQ1.201217.002",
  "RELEASE": "11",
  "INCREMENTAL": "2109152207",
  "TYPE": "user",
  "TAGS": "release-keys",
  "FIRST_API_LEVEL": "30"
}
