{
  "COMMENT": "OnePlus N200 Global DE2117 (11):OnePlus:DE2117=OnePlus/OnePlusN200/OnePlusN200:11/RKQ1.201217.002/2107241556:user/release-keys__2021-07-01",
  "MANUFACTURER": "Oneplus",
  "MODEL": "DE2117",
  "PRODUCT": "OnePlusN200",
  "DEVICE": "OnePlusN200",
  "BRAND": "OnePlus",
  "FINGERPRINT": "OnePlus/OnePlusN200/OnePlusN200:11/RKQ1.201217.002/2107241556:user/release-keys",
  "SECURITY_PATCH": "2021-07-01",
  "BUILD_ID": "RKQ1.201217.002",
  "RELEASE": "11",
  "INCREMENTAL": "2107241556",
  "TYPE": "user",
  "TAGS": "release-keys",
  "FIRST_API_LEVEL": "30"
}
