{
  "COMMENT": "Google Pixel 3 XL (9 & 10 & 11 & 12):Google:Pixel 3 XL=google/crosshatch/crosshatch:9/PQ3A.190801.002/5670241:user/release-keys__2019-08-01;google/crosshatch/crosshatch:10/QQ3A.200805.001/6578210:user/release-keys__2020-08-05;google/crosshatch/crosshatch:11/RQ3A.211001.001/7641976:user/release-keys__2021-10-01;google/crosshatch/crosshatch:12/SP1A.210812.015/7679548:user/release-keys__2021-10-05",
  "MANUFACTURER": "Google",
  "MODEL": "Pixel 3 XL",
  "PRODUCT": "crosshatch",
  "DEVICE": "crosshatch",
  "BRAND": "google",
  "FINGERPRINT": "google/crosshatch/crosshatch:11/RQ3A.211001.001/7641976:user/release-keys",
  "SECURITY_PATCH": "2021-10-01",
  "BUILD_ID": "RQ3A.211001.001",
  "RELEASE": "11",
  "INCREMENTAL": "7641976",
  "TYPE": "user",
  "TAGS": "release-keys",
  "FIRST_API_LEVEL": "28"
}
