{
  "COMMENT": "OnePlus 7 Pro T-Mobile GM1915 (9 & 10 & 11):OnePlus:GM1915=OnePlus/OnePlus7ProTMO/OnePlus7ProTMO:9/PKQ1.190110.001/1905021004:user/release-keys__2019-03-01;OnePlus/OnePlus7ProTMO/OnePlus7ProTMO:10/QKQ1.190716.003/2012102113:user/release-keys__2020-12-01;OnePlus/OnePlus7ProTMO/OnePlus7ProTMO:11/RKQ1.201022.002/2107302111:user/release-keys__2021-08-01",
  "MANUFACTURER": "Oneplus",
  "MODEL": "GM1915",
  "PRODUCT": "OnePlus7ProTMO",
  "DEVICE": "OnePlus7ProTMO",
  "BRAND": "OnePlus",
  "FINGERPRINT": "OnePlus/OnePlus7ProTMO/OnePlus7ProTMO:10/QKQ1.190716.003/2012102113:user/release-keys",
  "SECURITY_PATCH": "2020-12-01",
  "BUILD_ID": "QKQ1.190716.003",
  "RELEASE": "10",
  "INCREMENTAL": "2012102113",
  "TYPE": "user",
  "TAGS": "release-keys",
  "FIRST_API_LEVEL": "28"
}
