{
  "COMMENT": "OnePlus 8 Pro China IN2020 (10 & 11):OnePlus:IN2020=OnePlus/OnePlus8Pro_CH/OnePlus8Pro:10/QKQ1.191222.002/2007021926:user/release-keys__2020-06-01;OnePlus/OnePlus8Pro_CH/OnePlus8Pro:11/RP1A.201005.001/2108261346:user/release-keys__2021-08-01",
  "MANUFACTURER": "Oneplus",
  "MODEL": "IN2020",
  "PRODUCT": "OnePlus8Pro_CH",
  "DEVICE": "OnePlus8Pro",
  "BRAND": "OnePlus",
  "FINGERPRINT": "OnePlus/OnePlus8Pro_CH/OnePlus8Pro:10/QKQ1.191222.002/2007021926:user/release-keys",
  "SECURITY_PATCH": "2020-06-01",
  "BUILD_ID": "QKQ1.191222.002",
  "RELEASE": "10",
  "INCREMENTAL": "2007021926",
  "TYPE": "user",
  "TAGS": "release-keys",
  "FIRST_API_LEVEL": "29"
}
