{
  "COMMENT": "OnePlus N10 5G Metro BE2025 (10 & 11):OnePlus:BE2025=OnePlus/OnePlusN10METRO/OnePlusN10METRO:10/QKQ1.200830.002/2012181933:user/release-keys__2020-12-05;OnePlus/OnePlusN10METRO/OnePlusN10METRO:11/RKQ1.201217.002/2108030048:user/release-keys__2021-08-01",
  "MANUFACTURER": "Oneplus",
  "MODEL": "BE2025",
  "PRODUCT": "OnePlusN10METRO",
  "DEVICE": "OnePlusN10METRO",
  "BRAND": "OnePlus",
  "FINGERPRINT": "OnePlus/OnePlusN10METRO/OnePlusN10METRO:10/QKQ1.200830.002/2012181933:user/release-keys",
  "SECURITY_PATCH": "2020-12-05",
  "BUILD_ID": "QKQ1.200830.002",
  "RELEASE": "10",
  "INCREMENTAL": "2012181933",
  "TYPE": "user",
  "TAGS": "release-keys",
  "FIRST_API_LEVEL": "29"
}
