{
  "COMMENT": "Google Pixel 3 (9 & 10 & 11 & 12):Google:Pixel 3=google/blueline/blueline:9/PQ3A.190801.002/5670241:user/release-keys__2019-08-01;google/blueline/blueline:10/QQ3A.200805.001/6578210:user/release-keys__2020-08-05;google/blueline/blueline:11/RQ3A.211001.001/7641976:user/release-keys__2021-10-01;google/blueline/blueline:12/SP1A.210812.015/7679548:user/release-keys__2021-10-05",
  "MANUFACTURER": "Google",
  "MODEL": "Pixel 3",
  "PRODUCT": "blueline",
  "DEVICE": "blueline",
  "BRAND": "google",
  "FINGERPRINT": "google/blueline/blueline:12/SP1A.210812.015/7679548:user/release-keys",
  "SECURITY_PATCH": "2021-10-05",
  "BUILD_ID": "SP1A.210812.015",
  "RELEASE": "12",
  "INCREMENTAL": "7679548",
  "TYPE": "user",
  "TAGS": "release-keys",
  "FIRST_API_LEVEL": "28"
}
