{
  "COMMENT": "Asus ZenFone 4 ASUS_Z01KD (8.0.0 & 9):Asus:ASUS_Z01KD=asus/WW_Z01KD/ASUS_Z01KD_1:8.0.0/OPR1.170623.032/15.0610.1909.39-0:user/release-keys__2019-09-01;asus/WW_Z01KD/ASUS_Z01KD_1:9/PPR1.180610.009/16.0620.1912.23-0:user/release-keys__2019-12-01",
  "MANUFACTURER": "Asus",
  "MODEL": "ASUS_Z01KD",
  "PRODUCT": "WW_Z01KD",
  "DEVICE": "ASUS_Z01KD_1",
  "BRAND": "asus",
  "FINGERPRINT": "asus/WW_Z01KD/ASUS_Z01KD_1:8.0.0/OPR1.170623.032/15.0610.1909.39-0:user/release-keys",
  "SECURITY_PATCH": "2019-09-01",
  "BUILD_ID": "OPR1.170623.032",
  "RELEASE": "8.0.0",
  "INCREMENTAL": "15.0610.1909.39-0",
  "TYPE": "user",
  "TAGS": "release-keys",
  "FIRST_API_LEVEL": "26"
}
