{
  "COMMENT": "Lenovo Tab 4 8 Plus TB-8704F (8.1.0):Lenovo:Lenovo TB-8704F=Lenovo/TB-8704F/TB-8704F:8.1.0/OPM1.171019.019/8704F_S001018_191009_ROW:user/release-keys__2019-08-05",
  "MANUFACTURER": "Lenovo",
  "MODEL": "Lenovo TB-8704F",
  "PRODUCT": "TB-8704F",
  "DEVICE": "TB-8704F",
  "BRAND": "Lenovo",
  "FINGERPRINT": "Lenovo/TB-8704F/TB-8704F:8.1.0/OPM1.171019.019/8704F_S001018_191009_ROW:user/release-keys",
  "SECURITY_PATCH": "2019-08-05",
  "BUILD_ID": "OPM1.171019.019",
  "RELEASE": "8.1.0",
  "INCREMENTAL": "8704F_S001018_191009_ROW",
  "TYPE": "user",
  "TAGS": "release-keys",
  "FIRST_API_LEVEL": "27"
}
