{
  "COMMENT": "Asus ZenFone 3 Ultra ASUS_A001 (7.0):Asus:ASUS_A001=asus/WW_Phone/ASUS_A001:7.0/NRD90M/14.1010.1804.75-20180612:user/release-keys__2018-04-01",
  "MANUFACTURER": "Asus",
  "MODEL": "ASUS_A001",
  "PRODUCT": "WW_Phone",
  "DEVICE": "ASUS_A001",
  "BRAND": "asus",
  "FINGERPRINT": "asus/WW_Phone/ASUS_A001:7.0/NRD90M/14.1010.1804.75-20180612:user/release-keys",
  "SECURITY_PATCH": "2018-04-01",
  "BUILD_ID": "NRD90M",
  "RELEASE": "7.0",
  "INCREMENTAL": "14.1010.1804.75-20180612",
  "TYPE": "user",
  "TAGS": "release-keys",
  "FIRST_API_LEVEL": "24"
}
