{
  "COMMENT": "Samsung Galaxy J2 2015 SM-J200H (5.1.1):Samsung:SM-J200H=samsung/j23gdd/j23g:5.1.1/LMY48B/J200HXXU0AQK2:user/release-keys",
  "MANUFACTURER": "Samsung",
  "MODEL": "SM-J200H",
  "PRODUCT": "j23gdd",
  "DEVICE": "j23g",
  "BRAND": "samsung",
  "FINGERPRINT": "samsung/j23gdd/j23g:5.1.1/LMY48B/J200HXXU0AQK2:user/release-keys",
  "BUILD_ID": "LMY48B",
  "RELEASE": "5.1.1",
  "INCREMENTAL": "J200HXXU0AQK2",
  "TYPE": "user",
  "TAGS": "release-keys",
  "FIRST_API_LEVEL": "22"
}
