{
  "COMMENT": "Google Pixel 4 XL (10 & 11 & 12):Google:Pixel 4 XL=google/coral/coral:10/QQ3A.200805.001/6578210:user/release-keys__2020-08-05;google/coral/coral:11/RQ3A.211001.001/7641976:user/release-keys__2021-10-01;google/coral/coral:12/SP1A.210812.015/7679548:user/release-keys__2021-10-05",
  "MANUFACTURER": "Google",
  "MODEL": "Pixel 4 XL",
  "PRODUCT": "coral",
  "DEVICE": "coral",
  "BRAND": "google",
  "FINGERPRINT": "google/coral/coral:10/QQ3A.200805.001/6578210:user/release-keys",
  "SECURITY_PATCH": "2020-08-05",
  "BUILD_ID": "QQ3A.200805.001",
  "RELEASE": "10",
  "INCREMENTAL": "6578210",
  "TYPE": "user",
  "TAGS": "release-keys",
  "FIRST_API_LEVEL": "29"
}
