{
  "COMMENT": "Huawei P9 Plus VIE-AL10 (8.0.0):HUAWEI:VIE-AL10=HUAWEI/VIE-AL10/HWVIE:8.0.0/HUAWEIVIE-AL10/550(C00):user/release-keys__2020-07-01",
  "MANUFACTURER": "HUAWEI",
  "MODEL": "VIE-AL10",
  "PRODUCT": "VIE-AL10",
  "DEVICE": "HWVIE",
  "BRAND": "HUAWEI",
  "FINGERPRINT": "HUAWEI/VIE-AL10/HWVIE:8.0.0/HUAWEIVIE-AL10/550(C00):user/release-keys",
  "SECURITY_PATCH": "2020-07-01",
  "BUILD_ID": "HUAWEIVIE-AL10",
  "RELEASE": "8.0.0",
  "INCREMENTAL": "550(C00)",
  "TYPE": "user",
  "TAGS": "release-keys",
  "FIRST_API_LEVEL": "26"
}
