{
  "COMMENT": "OnePlus N100 T-Mobile BE2012 (10 & 11):OnePlus:BE2012=OnePlus/OnePlusN100TMO/OnePlusN100TMO:10/QKQ1.200719.002/2012212112:user/release-keys__2020-12-05;OnePlus/OnePlusN100TMO/OnePlusN100TMO:11/RKQ1.201217.002/2108131450:user/release-keys__2021-08-01",
  "MANUFACTURER": "Oneplus",
  "MODEL": "BE2012",
  "PRODUCT": "OnePlusN100TMO",
  "DEVICE": "OnePlusN100TMO",
  "BRAND": "OnePlus",
  "FINGERPRINT": "OnePlus/OnePlusN100TMO/OnePlusN100TMO:11/RKQ1.201217.002/2108131450:user/release-keys",
  "SECURITY_PATCH": "2021-08-01",
  "BUILD_ID": "RKQ1.201217.002",
  "RELEASE": "11",
  "INCREMENTAL": "2108131450",
  "TYPE": "user",
  "TAGS": "release-keys",
  "FIRST_API_LEVEL": "29"
}
