{
  "COMMENT": "Huawei P20 EML-L09 (9 & 10):Huawei:EML-L09=HUAWEI/EML-L09/HWEML:9/HUAWEIEML-L09/9.1.0.381C109:user/release-keys__2020-01-01;HUAWEI/EML-L09/HWEML:10/HUAWEIEML-L09/10.0.0.161C109:user/release-keys__2020-04-01",
  "MANUFACTURER": "Huawei",
  "MODEL": "EML-L09",
  "PRODUCT": "EML-L09",
  "DEVICE": "HWEML",
  "BRAND": "HUAWEI",
  "FINGERPRINT": "HUAWEI/EML-L09/HWEML:10/HUAWEIEML-L09/10.0.0.161C109:user/release-keys",
  "SECURITY_PATCH": "2020-04-01",
  "BUILD_ID": "HUAWEIEML-L09",
  "RELEASE": "10",
  "INCREMENTAL": "10.0.0.161C109",
  "TYPE": "user",
  "TAGS": "release-keys",
  "FIRST_API_LEVEL": "28"
}
