{
  "COMMENT": "Motorola Moto G6 Plus (9):Motorola:moto g(6) plus=motorola/evert_amx_n/evert_n:9/PPWS29.116-16-6/5cbfe:user/release-keys__2019-05-01",
  "MANUFACTURER": "Motorola",
  "MODEL": "moto g(6) plus",
  "PRODUCT": "evert_amx_n",
  "DEVICE": "evert_n",
  "BRAND": "motorola",
  "FINGERPRINT": "motorola/evert_amx_n/evert_n:9/PPWS29.116-16-6/5cbfe:user/release-keys",
  "SECURITY_PATCH": "2019-05-01",
  "BUILD_ID": "PPWS29.116-16-6",
  "RELEASE": "9",
  "INCREMENTAL": "5cbfe",
  "TYPE": "user",
  "TAGS": "release-keys",
  "FIRST_API_LEVEL": "28"
}
