{
  "COMMENT": "Samsung Galaxy A8 Plus SM-A730F (7.1.1):Samsung:SM-A730F=samsung/jackpot2ltexx/jackpot2lte:7.1.1/NMF26X/A730FXXU2ARD1:user/release-keys",
  "MANUFACTURER": "Samsung",
  "MODEL": "SM-A730F",
  "PRODUCT": "jackpot2ltexx",
  "DEVICE": "jackpot2lte",
  "BRAND": "samsung",
  "FINGERPRINT": "samsung/jackpot2ltexx/jackpot2lte:7.1.1/NMF26X/A730FXXU2ARD1:user/release-keys",
  "BUILD_ID": "NMF26X",
  "RELEASE": "7.1.1",
  "INCREMENTAL": "A730FXXU2ARD1",
  "TYPE": "user",
  "TAGS": "release-keys",
  "FIRST_API_LEVEL": "25"
}
