{
  "COMMENT": "HTC U11 (8.0.0):HTC:HTC U-3w=htc/ocndtwl_01405/htc_ocndtwl:8.0.0/OPR6.170623.013/1017190.2:user/release-keys",
  "MANUFACTURER": "HTC",
  "MODEL": "HTC U-3w",
  "PRODUCT": "ocndtwl_01405",
  "DEVICE": "htc_ocndtwl",
  "BRAND": "htc",
  "FINGERPRINT": "htc/ocndtwl_01405/htc_ocndtwl:8.0.0/OPR6.170623.013/1017190.2:user/release-keys",
  "BUILD_ID": "OPR6.170623.013",
  "RELEASE": "8.0.0",
  "INCREMENTAL": "1017190.2",
  "TYPE": "user",
  "TAGS": "release-keys",
  "FIRST_API_LEVEL": "26"
}
