{
  "COMMENT": "OnePlus 3T (8.0.0 & 9):OnePlus:ONEPLUS A3003=OnePlus/OnePlus3/OnePlus3T:8.0.0/OPR1.170623.032/1812060016:user/release-keys__2018-11-01;OnePlus/OnePlus3/OnePlus3T:9/PKQ1.181203.001/1911042108:user/release-keys__2019-10-01",
  "MANUFACTURER": "Oneplus",
  "MODEL": "ONEPLUS A3003",
  "PRODUCT": "OnePlus3",
  "DEVICE": "OnePlus3T",
  "BRAND": "OnePlus",
  "FINGERPRINT": "OnePlus/OnePlus3/OnePlus3T:8.0.0/OPR1.170623.032/1812060016:user/release-keys",
  "SECURITY_PATCH": "2018-11-01",
  "BUILD_ID": "OPR1.170623.032",
  "RELEASE": "8.0.0",
  "INCREMENTAL": "1812060016",
  "TYPE": "user",
  "TAGS": "release-keys",
  "FIRST_API_LEVEL": "26"
}
