{
  "COMMENT": "Huawei P8 Lite PRA-LX1 (8.0.0):Huawei:PRA-LX1=HUAWEI/PRA-LX1/HWPRA-H:8.0.0/HUAWEIPRA-LX1/401(C432):user/release-keys__2019-01-01",
  "MANUFACTURER": "Huawei",
  "MODEL": "PRA-LX1",
  "PRODUCT": "PRA-LX1",
  "DEVICE": "HWPRA-H",
  "BRAND": "HUAWEI",
  "FINGERPRINT": "HUAWEI/PRA-LX1/HWPRA-H:8.0.0/HUAWEIPRA-LX1/401(C432):user/release-keys",
  "SECURITY_PATCH": "2019-01-01",
  "BUILD_ID": "HUAWEIPRA-LX1",
  "RELEASE": "8.0.0",
  "INCREMENTAL": "401(C432)",
  "TYPE": "user",
  "TAGS": "release-keys",
  "FIRST_API_LEVEL": "26"
}
