{
  "COMMENT": "LG V20 US996 (8.0.0):LGE:LG-US996=lge/elsa_nao_us/elsa:8.0.0/OPR1.170623.032/183241436cd40:user/release-keys__2018-11-01",
  "MANUFACTURER": "LGE",
  "MODEL": "LG-US996",
  "PRODUCT": "elsa_nao_us",
  "DEVICE": "elsa",
  "BRAND": "lge",
  "FINGERPRINT": "lge/elsa_nao_us/elsa:8.0.0/OPR1.170623.032/183241436cd40:user/release-keys",
  "SECURITY_PATCH": "2018-11-01",
  "BUILD_ID": "OPR1.170623.032",
  "RELEASE": "8.0.0",
  "INCREMENTAL": "183241436cd40",
  "TYPE": "user",
  "TAGS": "release-keys",
  "FIRST_API_LEVEL": "26"
}
