{
  "COMMENT": "Motorola Moto G7 XT1962-1 (9 & 10):Motorola:moto g(7)=motorola/river/river:9/PPOS29.114-134-10/ca814:user/release-keys__2020-02-01;motorola/river/river:10/QPU30.52-16-2/be43c:user/release-keys__2020-04-01",
  "MANUFACTURER": "Motorola",
  "MODEL": "moto g(7)",
  "PRODUCT": "river",
  "DEVICE": "river",
  "BRAND": "motorola",
  "FINGERPRINT": "motorola/river/river:10/QPU30.52-16-2/be43c:user/release-keys",
  "SECURITY_PATCH": "2020-04-01",
  "BUILD_ID": "QPU30.52-16-2",
  "RELEASE": "10",
  "INCREMENTAL": "be43c",
  "TYPE": "user",
  "TAGS": "release-keys",
  "FIRST_API_LEVEL": "28"
}
