{
  "COMMENT": "Google Nexus 9 WiFi (5.0 & 5.0.1 & 5.0.2 & 5.1.1 & 6.0 & 6.0.1 & 7.0 & 7.1.1):HTC:Nexus 9=google/volantis/flounder:5.0/LRX21R/1573874:user/release-keys;google/volantis/flounder:5.0.1/LRX22C/1602158:user/release-keys;google/volantis/flounder:5.0.2/LRX22L/1816899:user/release-keys;google/volantis/flounder:5.1.1/LMY48T/2237560:user/release-keys;google/volantis/flounder:6.0/MRA58N/2289998:user/release-keys;google/volantis/flounder:6.0.1/MOB30W/3031100:user/release-keys;google/volantis/flounder:7.0/NRD91N/3318108:user/release-keys;google/volantis/flounder:7.1.1/N9F27M/4333998:user/release-keys",
  "MANUFACTURER": "HTC",
  "MODEL": "Nexus 9",
  "PRODUCT": "volantis",
  "DEVICE": "flounder",
  "BRAND": "google",
  "FINGERPRINT": "google/volantis/flounder:5.0/LRX21R/1573874:user/release-keys",
  "BUILD_ID": "LRX21R",
  "RELEASE": "5.0",
  "INCREMENTAL": "1573874",
  "TYPE": "user",
  "TAGS": "release-keys",
  "FIRST_API_LEVEL": "21"
}
