{
  "COMMENT": "Redmi Note 9 Pro Global (10):Redmi:Redmi Note 9 Pro=Redmi/joyeuse_global/joyeuse:10/QKQ1.191215.002/V11.0.5.0.QJZMIXM:user/release-keys__2020-07-01",
  "MANUFACTURER": "Redmi",
  "MODEL": "Redmi Note 9 Pro",
  "PRODUCT": "joyeuse_global",
  "DEVICE": "joyeuse",
  "BRAND": "Redmi",
  "FINGERPRINT": "Redmi/joyeuse_global/joyeuse:10/QKQ1.191215.002/V11.0.5.0.QJZMIXM:user/release-keys",
  "SECURITY_PATCH": "2020-07-01",
  "BUILD_ID": "QKQ1.191215.002",
  "RELEASE": "10",
  "INCREMENTAL": "V11.0.5.0.QJZMIXM",
  "TYPE": "user",
  "TAGS": "release-keys",
  "FIRST_API_LEVEL": "29"
}
