{
  "COMMENT": "OnePlus 8 India IN2011 (10 & 11):OnePlus:IN2011=OnePlus/OnePlus8_IND/OnePlus8:10/QKQ1.191222.002/2008080019:user/release-keys__2020-08-01;OnePlus/OnePlus8_IND/OnePlus8:11/RP1A.201005.001/2110261811:user/release-keys__2021-10-01",
  "MANUFACTURER": "Oneplus",
  "MODEL": "IN2011",
  "PRODUCT": "OnePlus8_IND",
  "DEVICE": "OnePlus8",
  "BRAND": "OnePlus",
  "FINGERPRINT": "OnePlus/OnePlus8_IND/OnePlus8:10/QKQ1.191222.002/2008080019:user/release-keys",
  "SECURITY_PATCH": "2020-08-01",
  "BUILD_ID": "QKQ1.191222.002",
  "RELEASE": "10",
  "INCREMENTAL": "2008080019",
  "TYPE": "user",
  "TAGS": "release-keys",
  "FIRST_API_LEVEL": "29"
}
