{
  "COMMENT": "Google Pixel 4a (10 & 11 & 12):Google:Pixel 4a=google/sunfish/sunfish:10/QD4A.200805.003/6598198:user/release-keys__2020-08-05;google/sunfish/sunfish:11/RQ3A.211001.001/7641976:user/release-keys__2021-10-01;google/sunfish/sunfish:12/SP1A.210812.015/7679548:user/release-keys__2021-10-05",
  "MANUFACTURER": "Google",
  "MODEL": "Pixel 4a",
  "PRODUCT": "sunfish",
  "DEVICE": "sunfish",
  "BRAND": "google",
  "FINGERPRINT": "google/sunfish/sunfish:11/RQ3A.211001.001/7641976:user/release-keys",
  "SECURITY_PATCH": "2021-10-01",
  "BUILD_ID": "RQ3A.211001.001",
  "RELEASE": "11",
  "INCREMENTAL": "7641976",
  "TYPE": "user",
  "TAGS": "release-keys",
  "FIRST_API_LEVEL": "29"
}
