{
  "COMMENT": "OPPO Find X2 Neo Europe CPH2009 (10 & 11):OPPO:CPH2009=OPPO/CPH2009EEA/OP4C2DL1:10/QKQ1.200216.002/1596223341:user/release-keys__2020-08-05;OPPO/CPH2009EEA/OP4C2DL1:11/RKQ1.200903.002/1622715759798:user/release-keys__2021-06-05",
  "MANUFACTURER": "OPPO",
  "MODEL": "CPH2009",
  "PRODUCT": "CPH2009EEA",
  "DEVICE": "OP4C2DL1",
  "BRAND": "OPPO",
  "FINGERPRINT": "OPPO/CPH2009EEA/OP4C2DL1:10/QKQ1.200216.002/1596223341:user/release-keys",
  "SECURITY_PATCH": "2020-08-05",
  "BUILD_ID": "QKQ1.200216.002",
  "RELEASE": "10",
  "INCREMENTAL": "1596223341",
  "TYPE": "user",
  "TAGS": "release-keys",
  "FIRST_API_LEVEL": "29"
}
