{
  "COMMENT": "Motorola Moto G7 Play T-Mobile (10):Motorola:moto (g7) play=motorola/channel_t/channel:10/QPYS30.85-18-3/60cdb:user/release-keys__2020-08-01",
  "MANUFACTURER": "Motorola",
  "MODEL": "moto (g7) play",
  "PRODUCT": "channel_t",
  "DEVICE": "channel",
  "BRAND": "motorola",
  "FINGERPRINT": "motorola/channel_t/channel:10/QPYS30.85-18-3/60cdb:user/release-keys",
  "SECURITY_PATCH": "2020-08-01",
  "BUILD_ID": "QPYS30.85-18-3",
  "RELEASE": "10",
  "INCREMENTAL": "60cdb",
  "TYPE": "user",
  "TAGS": "release-keys",
  "FIRST_API_LEVEL": "29"
}
