{
  "COMMENT": "Huawei P10 Lite (8.0.0):Huawei:WAS-LX1A=HUAWEI/WAS-LX1A/HWWAS-H:8.0.0/HUAWEIWAS-LX1A/376(C02):user/release-keys__2019-03-01",
  "MANUFACTURER": "Huawei",
  "MODEL": "WAS-LX1A",
  "PRODUCT": "WAS-LX1A",
  "DEVICE": "HWWAS-H",
  "BRAND": "HUAWEI",
  "FINGERPRINT": "HUAWEI/WAS-LX1A/HWWAS-H:8.0.0/HUAWEIWAS-LX1A/376(C02):user/release-keys",
  "SECURITY_PATCH": "2019-03-01",
  "BUILD_ID": "HUAWEIWAS-LX1A",
  "RELEASE": "8.0.0",
  "INCREMENTAL": "376(C02)",
  "TYPE": "user",
  "TAGS": "release-keys",
  "FIRST_API_LEVEL": "26"
}
