{
  "COMMENT": "Redmi K40 China (11):Redmi:M2012K11AC=Redmi/alioth/alioth:11/RKQ1.200826.002/V12.5.5.0.RKHCNXM:user/release-keys__2021-07-01",
  "MANUFACTURER": "Redmi",
  "MODEL": "M2012K11AC",
  "PRODUCT": "alioth",
  "DEVICE": "alioth",
  "BRAND": "Redmi",
  "FINGERPRINT": "Redmi/alioth/alioth:11/RKQ1.200826.002/V12.5.5.0.RKHCNXM:user/release-keys",
  "SECURITY_PATCH": "2021-07-01",
  "BUILD_ID": "RKQ1.200826.002",
  "RELEASE": "11",
  "INCREMENTAL": "V12.5.5.0.RKHCNXM",
  "TYPE": "user",
  "TAGS": "release-keys",
  "FIRST_API_LEVEL": "30"
}
