{
  "COMMENT": "Asus ROG Phone 5 ZS673KS (10):Asus:ZS673KS=asus/WW_I005D/ASUS_I005_1:11/RKQ1.201022.002/18.0840.2103.26-0:user/release-keys__2021-03-05",
  "MANUFACTURER": "Asus",
  "MODEL": "ZS673KS",
  "PRODUCT": "WW_I005D",
  "DEVICE": "ASUS_I005_1",
  "BRAND": "asus",
  "FINGERPRINT": "asus/WW_I005D/ASUS_I005_1:11/RKQ1.201022.002/18.0840.2103.26-0:user/release-keys",
  "SECURITY_PATCH": "2021-03-05",
  "BUILD_ID": "RKQ1.201022.002",
  "RELEASE": "11",
  "INCREMENTAL": "18.0840.2103.26-0",
  "TYPE": "user",
  "TAGS": "release-keys",
  "FIRST_API_LEVEL": "29"
}
