{
  "COMMENT": "OnePlus 9 Pro LE2125 (11 & 12):OnePlus:LE2125=OnePlus/OnePlus9Pro/OnePlus9Pro:11/RKQ1.201105.002/2109102009:user/release-keys__2021-09-01;OnePlus/OnePlus9Pro/OnePlus9Pro:12/SKQ1.210216.001/R.202109102211:user/release-keys__2021-09-05",
  "MANUFACTURER": "Oneplus",
  "MODEL": "LE2125",
  "PRODUCT": "OnePlus9Pro",
  "DEVICE": "OnePlus9Pro",
  "BRAND": "OnePlus",
  "FINGERPRINT": "OnePlus/OnePlus9Pro/OnePlus9Pro:11/RKQ1.201105.002/2109102009:user/release-keys",
  "SECURITY_PATCH": "2021-09-01",
  "BUILD_ID": "RKQ1.201105.002",
  "RELEASE": "11",
  "INCREMENTAL": "2109102009",
  "TYPE": "user",
  "TAGS": "release-keys",
  "FIRST_API_LEVEL": "30"
}
