{
  "COMMENT": "Nokia 7 Plus (9 & 10):Nokia:Nokia 7 plus=Nokia/Onyx_00WW/B2N_sprout:9/PPR1.180610.011/00WW_3_53B:user/release-keys__2019-05-01;Nokia/Onyx_00WW/B2N_sprout:10/QKQ1.190828.002/00WW_4_15D:user/release-keys__2020-05-01",
  "MANUFACTURER": "Nokia",
  "MODEL": "Nokia 7 plus",
  "PRODUCT": "Onyx_00WW",
  "DEVICE": "B2N_sprout",
  "BRAND": "Nokia",
  "FINGERPRINT": "Nokia/Onyx_00WW/B2N_sprout:10/QKQ1.190828.002/00WW_4_15D:user/release-keys",
  "SECURITY_PATCH": "2020-05-01",
  "BUILD_ID": "QKQ1.190828.002",
  "RELEASE": "10",
  "INCREMENTAL": "00WW_4_15D",
  "TYPE": "user",
  "TAGS": "release-keys",
  "FIRST_API_LEVEL": "28"
}
