{
  "COMMENT": "Redmi Note 9S Europe (10):Redmi:Redmi Note 9S=Redmi/curtana_eea/curtana:10/QKQ1.191215.002/V11.0.4.0.QJWEUXM:user/release-keys__2020-07-01",
  "MANUFACTURER": "Redmi",
  "MODEL": "Redmi Note 9S",
  "PRODUCT": "curtana_eea",
  "DEVICE": "curtana",
  "BRAND": "Redmi",
  "FINGERPRINT": "Redmi/curtana_eea/curtana:10/QKQ1.191215.002/V11.0.4.0.QJWEUXM:user/release-keys",
  "SECURITY_PATCH": "2020-07-01",
  "BUILD_ID": "QKQ1.191215.002",
  "RELEASE": "10",
  "INCREMENTAL": "V11.0.4.0.QJWEUXM",
  "TYPE": "user",
  "TAGS": "release-keys",
  "FIRST_API_LEVEL": "29"
}
