{
  "COMMENT": "BLU Vivo XI (8.1.0):BLU:BLU_VIVO_XI=BLU/BLU_VIVO_XI/V0330WW:8.1.0/O11019/1543905757:user/release-keys__2018-12-05",
  "MANUFACTURER": "BLU",
  "MODEL": "BLU_VIVO_XI",
  "PRODUCT": "BLU_VIVO_XI",
  "DEVICE": "V0330WW",
  "BRAND": "BLU",
  "FINGERPRINT": "BLU/BLU_VIVO_XI/V0330WW:8.1.0/O11019/1543905757:user/release-keys",
  "SECURITY_PATCH": "2018-12-05",
  "BUILD_ID": "O11019",
  "RELEASE": "8.1.0",
  "INCREMENTAL": "1543905757",
  "TYPE": "user",
  "TAGS": "release-keys",
  "FIRST_API_LEVEL": "27"
}
