{
  "COMMENT": "Asus ZenFone 5 ASUS_X00QD (9):Asus:ASUS_X00QD=asus/WW_X00QD/ASUS_X00QD:9/PPR1.180610.009/16.0615.2006.131-0:user/release-keys__2020-06-01",
  "MANUFACTURER": "Asus",
  "MODEL": "ASUS_X00QD",
  "PRODUCT": "WW_X00QD",
  "DEVICE": "ASUS_X00QD",
  "BRAND": "asus",
  "FINGERPRINT": "asus/WW_X00QD/ASUS_X00QD:9/PPR1.180610.009/16.0615.2006.131-0:user/release-keys",
  "SECURITY_PATCH": "2020-06-01",
  "BUILD_ID": "PPR1.180610.009",
  "RELEASE": "9",
  "INCREMENTAL": "16.0615.2006.131-0",
  "TYPE": "user",
  "TAGS": "release-keys",
  "FIRST_API_LEVEL": "28"
}
