{
  "COMMENT": "POCO F3 Taiwan (11):POCO:M2012K11AG=POCO/alioth_global/alioth:11/RKQ1.200826.002/V12.5.2.0.RKHTWXM:user/release-keys__2021-06-01",
  "MANUFACTURER": "POCO",
  "MODEL": "M2012K11AG",
  "PRODUCT": "alioth_global",
  "DEVICE": "alioth",
  "BRAND": "POCO",
  "FINGERPRINT": "POCO/alioth_global/alioth:11/RKQ1.200826.002/V12.5.2.0.RKHTWXM:user/release-keys",
  "SECURITY_PATCH": "2021-06-01",
  "BUILD_ID": "RKQ1.200826.002",
  "RELEASE": "11",
  "INCREMENTAL": "V12.5.2.0.RKHTWXM",
  "TYPE": "user",
  "TAGS": "release-keys",
  "FIRST_API_LEVEL": "30"
}
