{
  "COMMENT": "Redmi K30 Pro China (10):Redmi:Redmi K30 Pro=Redmi/lmi/lmi:10/QKQ1.191117.002/V12.0.1.0.QJKCNXM:user/release-keys__2020-06-01",
  "MANUFACTURER": "Redmi",
  "MODEL": "Redmi K30 Pro",
  "PRODUCT": "lmi",
  "DEVICE": "lmi",
  "BRAND": "Redmi",
  "FINGERPRINT": "Redmi/lmi/lmi:10/QKQ1.191117.002/V12.0.1.0.QJKCNXM:user/release-keys",
  "SECURITY_PATCH": "2020-06-01",
  "BUILD_ID": "QKQ1.191117.002",
  "RELEASE": "10",
  "INCREMENTAL": "V12.0.1.0.QJKCNXM",
  "TYPE": "user",
  "TAGS": "release-keys",
  "FIRST_API_LEVEL": "29"
}
