{
  "COMMENT": "Asus ZenFone Max Pro M2 ASUS_X01BD (9):asus:ASUS_X01BD=asus/WW_X01BD/ASUS_X01BD_1:9/PKQ1/16.2017.2007.094-20200705:user/release-keys__2020-07-05",
  "MANUFACTURER": "Asus",
  "MODEL": "ASUS_X01BD",
  "PRODUCT": "WW_X01BD",
  "DEVICE": "ASUS_X01BD_1",
  "BRAND": "asus",
  "FINGERPRINT": "asus/WW_X01BD/ASUS_X01BD_1:9/PKQ1/16.2017.2007.094-20200705:user/release-keys",
  "SECURITY_PATCH": "2020-07-05",
  "BUILD_ID": "PKQ1",
  "RELEASE": "9",
  "INCREMENTAL": "16.2017.2007.094-20200705",
  "TYPE": "user",
  "TAGS": "release-keys",
  "FIRST_API_LEVEL": "28"
}
