{
  "COMMENT": "Redmi Note 9S Global (10 & 11):Redmi:Redmi Note 9S:=Redmi/curtana_global/curtana:10/QKQ1.191215.002/V11.0.10.0.QJWMIXM:user/release-keys__2020-07-01;Redmi/curtana_global/curtana:11/RKQ1.200826.002/V12.0.2.0.RJWMIXM:user/release-keys__2021-04-01",
  "MANUFACTURER": "Redmi",
  "MODEL": "Redmi Note 9S",
  "PRODUCT": "curtana_global",
  "DEVICE": "curtana",
  "BRAND": "Redmi",
  "FINGERPRINT": "Redmi/curtana_global/curtana:11/RKQ1.200826.002/V12.0.2.0.RJWMIXM:user/release-keys",
  "SECURITY_PATCH": "2021-04-01",
  "BUILD_ID": "RKQ1.200826.002",
  "RELEASE": "11",
  "INCREMENTAL": "V12.0.2.0.RJWMIXM",
  "TYPE": "user",
  "TAGS": "release-keys",
  "FIRST_API_LEVEL": "29"
}
