{
  "COMMENT": "Samsung Galaxt Tab A WiFi SM-T590 (9):Samsung:SM-T590=samsung/gta2xlwifixx/gta2xlwifi:9/PPR1.180610.011/T590XXU3BSJ1:user/release-keys__2019-10-01",
  "MANUFACTURER": "Samsung",
  "MODEL": "SM-T590",
  "PRODUCT": "gta2xlwifixx",
  "DEVICE": "gta2xlwifi",
  "BRAND": "samsung",
  "FINGERPRINT": "samsung/gta2xlwifixx/gta2xlwifi:9/PPR1.180610.011/T590XXU3BSJ1:user/release-keys",
  "SECURITY_PATCH": "2019-10-01",
  "BUILD_ID": "PPR1.180610.011",
  "RELEASE": "9",
  "INCREMENTAL": "T590XXU3BSJ1",
  "TYPE": "user",
  "TAGS": "release-keys",
  "FIRST_API_LEVEL": "28"
}
