{
  "COMMENT": "LG V30 LS998 (8.0.0):LGE:LG-LS998=lge/joan_spr_us/joan:8.0.0/OPR1.170623.026/190181203d401:user/release-keys__2019-01-01",
  "MANUFACTURER": "LGE",
  "MODEL": "LG-LS998",
  "PRODUCT": "joan_spr_us",
  "DEVICE": "joan",
  "BRAND": "lge",
  "FINGERPRINT": "lge/joan_spr_us/joan:8.0.0/OPR1.170623.026/190181203d401:user/release-keys",
  "SECURITY_PATCH": "2019-01-01",
  "BUILD_ID": "OPR1.170623.026",
  "RELEASE": "8.0.0",
  "INCREMENTAL": "190181203d401",
  "TYPE": "user",
  "TAGS": "release-keys",
  "FIRST_API_LEVEL": "26"
}
