{
  "COMMENT": "Infinix Note 5 (9 & 10):Infinix:Infinix X604=Infinix/H633/Infinix-X604_sprout:9/PPR1.180610.011/H-190617V240:user/release-keys__2019-06-05;Infinix/H633/Infinix-X604_sprout:10/QP1A.190711.020/H-191227V306:user/release-keys__2020-01-05",
  "MANUFACTURER": "Infinix",
  "MODEL": "Infinix X604",
  "PRODUCT": "H633",
  "DEVICE": "Infinix-X604_sprout",
  "BRAND": "Infinix",
  "FINGERPRINT": "Infinix/H633/Infinix-X604_sprout:9/PPR1.180610.011/H-190617V240:user/release-keys",
  "SECURITY_PATCH": "2019-06-05",
  "BUILD_ID": "PPR1.180610.011",
  "RELEASE": "9",
  "INCREMENTAL": "H-190617V240",
  "TYPE": "user",
  "TAGS": "release-keys",
  "FIRST_API_LEVEL": "28"
}
