{
  "COMMENT": "OnePlus 7T Pro HD1911 (10 & 11):OnePlus:HD1911=OnePlus/OnePlus7TPro/OnePlus7TPro:10/QKQ1.190716.003/2101212101:user/release-keys__2021-01-01;OnePlus/OnePlus7TPro/OnePlus7TPro:11/RKQ1.201022.002/2110211612:user/release-keys__2021-10-01",
  "MANUFACTURER": "Oneplus",
  "MODEL": "HD1911",
  "PRODUCT": "OnePlus7TPro",
  "DEVICE": "OnePlus7TPro",
  "BRAND": "OnePlus",
  "FINGERPRINT": "OnePlus/OnePlus7TPro/OnePlus7TPro:11/RKQ1.201022.002/2110211612:user/release-keys",
  "SECURITY_PATCH": "2021-10-01",
  "BUILD_ID": "RKQ1.201022.002",
  "RELEASE": "11",
  "INCREMENTAL": "2110211612",
  "TYPE": "user",
  "TAGS": "release-keys",
  "FIRST_API_LEVEL": "29"
}
