{
  "COMMENT": "Huawei P20 Dual SIM EML-L29 (9):Huawei:EML-L29=HUAWEI/EML-L29/HWEML:9/HUAWEIEML-L29/197C432R1:user/release-keys__2019-01-01",
  "MANUFACTURER": "Huawei",
  "MODEL": "EML-L29",
  "PRODUCT": "EML-L29",
  "DEVICE": "HWEML",
  "BRAND": "HUAWEI",
  "FINGERPRINT": "HUAWEI/EML-L29/HWEML:9/HUAWEIEML-L29/197C432R1:user/release-keys",
  "SECURITY_PATCH": "2019-01-01",
  "BUILD_ID": "HUAWEIEML-L29",
  "RELEASE": "9",
  "INCREMENTAL": "197C432R1",
  "TYPE": "user",
  "TAGS": "release-keys",
  "FIRST_API_LEVEL": "28"
}
