{
  "COMMENT": "Asus ZenPad S 8.0 P01MA (6.0.1):Asus:P01MA=asus/WW_P01M/P01M_3:6.0.1/MMB29P/WW_P01M-V5.6.0-20170608:user/release-keys",
  "MANUFACTURER": "Asus",
  "MODEL": "P01MA",
  "PRODUCT": "WW_P01M",
  "DEVICE": "P01M_3",
  "BRAND": "asus",
  "FINGERPRINT": "asus/WW_P01M/P01M_3:6.0.1/MMB29P/WW_P01M-V5.6.0-20170608:user/release-keys",
  "BUILD_ID": "MMB29P",
  "RELEASE": "6.0.1",
  "INCREMENTAL": "WW_P01M-V5.6.0-20170608",
  "TYPE": "user",
  "TAGS": "release-keys",
  "FIRST_API_LEVEL": "23"
}
