{
  "COMMENT": "Motorola Moto Z2 Force T-Mobile (8.0.0):Motorola:Moto Z2=motorola/nash_tmo_c/nash:8.0.0/OCXS27.109-51-14-7/12:user/release-keys__2019-07-01",
  "MANUFACTURER": "Motorola",
  "MODEL": "Moto Z2",
  "PRODUCT": "nash_tmo_c",
  "DEVICE": "nash",
  "BRAND": "motorola",
  "FINGERPRINT": "motorola/nash_tmo_c/nash:8.0.0/OCXS27.109-51-14-7/12:user/release-keys",
  "SECURITY_PATCH": "2019-07-01",
  "BUILD_ID": "OCXS27.109-51-14-7",
  "RELEASE": "8.0.0",
  "INCREMENTAL": "12",
  "TYPE": "user",
  "TAGS": "release-keys",
  "FIRST_API_LEVEL": "26"
}
