{
  "COMMENT": "Google Pixel 6 Pro (12):Google:Pixel 6 Pro=google/raven/raven:12/SD1A.210817.015.A4/7697517:user/release-keys__2021-10-05",
  "MANUFACTURER": "Google",
  "MODEL": "Pixel 6 Pro",
  "PRODUCT": "raven",
  "DEVICE": "raven",
  "BRAND": "google",
  "FINGERPRINT": "google/raven/raven:12/SD1A.210817.015.A4/7697517:user/release-keys",
  "SECURITY_PATCH": "2021-10-05",
  "BUILD_ID": "SD1A.210817.015.A4",
  "RELEASE": "12",
  "INCREMENTAL": "7697517",
  "TYPE": "user",
  "TAGS": "release-keys",
  "FIRST_API_LEVEL": "31"
}
