{
  "COMMENT": "Huawei P20 Lite Dual SIM (8.0.0 & 9):Huawei:ANE-LX1=HUAWEI/ANE-LX1/HWANE:8.0.0/HUAWEIANE-LX1/180(C432):user/release-keys__2019-04-05;HUAWEI/ANE-LX1/HWANE:9/HUAWEIANE-L21/132C432R1:user/release-keys__2019-05-05",
  "MANUFACTURER": "Huawei",
  "MODEL": "ANE-LX1",
  "PRODUCT": "ANE-LX1",
  "DEVICE": "HWANE",
  "BRAND": "HUAWEI",
  "FINGERPRINT": "HUAWEI/ANE-LX1/HWANE:9/HUAWEIANE-L21/132C432R1:user/release-keys",
  "SECURITY_PATCH": "2019-05-05",
  "BUILD_ID": "HUAWEIANE-L21",
  "RELEASE": "9",
  "INCREMENTAL": "132C432R1",
  "TYPE": "user",
  "TAGS": "release-keys",
  "FIRST_API_LEVEL": "26"
}
