{
  "COMMENT": "Samsung Galaxy A5 2016 SM-A510F (7.0):samsung:SM-A510F=samsung/a5xeltexx/a5xelte:7.0/NRD90M/A510FXXS8CSF3:user/release-keys__2019-07-01",
  "MANUFACTURER": "Samsung",
  "MODEL": "SM-A510F",
  "PRODUCT": "a5xeltexx",
  "DEVICE": "a5xelte",
  "BRAND": "samsung",
  "FINGERPRINT": "samsung/a5xeltexx/a5xelte:7.0/NRD90M/A510FXXS8CSF3:user/release-keys",
  "SECURITY_PATCH": "2019-07-01",
  "BUILD_ID": "NRD90M",
  "RELEASE": "7.0",
  "INCREMENTAL": "A510FXXS8CSF3",
  "TYPE": "user",
  "TAGS": "release-keys",
  "FIRST_API_LEVEL": "24"
}
