{
  "COMMENT": "OnePlus 7 Pro China GM1910 (10 & 11):OnePlus:GM1910=OnePlus/OnePlus7Pro_CH/OnePlus7Pro:10/QKQ1.190716.003/2005132200:user/release-keys__2020-05-01;OnePlus/OnePlus7Pro_CH/OnePlus7Pro:11/RKQ1.201022.002/2108161825:user/release-keys__2021-08-01",
  "MANUFACTURER": "Oneplus",
  "MODEL": "GM1910",
  "PRODUCT": "OnePlus7Pro_CH",
  "DEVICE": "OnePlus7Pro",
  "BRAND": "OnePlus",
  "FINGERPRINT": "OnePlus/OnePlus7Pro_CH/OnePlus7Pro:11/RKQ1.201022.002/2108161825:user/release-keys",
  "SECURITY_PATCH": "2021-08-01",
  "BUILD_ID": "RKQ1.201022.002",
  "RELEASE": "11",
  "INCREMENTAL": "2108161825",
  "TYPE": "user",
  "TAGS": "release-keys",
  "FIRST_API_LEVEL": "29"
}
