{
  "COMMENT": "Fairphone 3/3 Plus (10):Fairphone:FP3=Fairphone/FP3/FP3:10/8901.3.A.0054.20200929/09290922:user/release-keys__2020-10-05",
  "MANUFACTURER": "Fairphone",
  "MODEL": "FP3",
  "PRODUCT": "FP3",
  "DEVICE": "FP3",
  "BRAND": "Fairphone",
  "FINGERPRINT": "Fairphone/FP3/FP3:10/8901.3.A.0054.20200929/09290922:user/release-keys",
  "SECURITY_PATCH": "2020-10-05",
  "BUILD_ID": "8901.3.A.0054.20200929",
  "RELEASE": "10",
  "INCREMENTAL": "09290922",
  "TYPE": "user",
  "TAGS": "release-keys",
  "FIRST_API_LEVEL": "29"
}
