{
  "COMMENT": "Nokia 6.2 (9):Nokia:Nokia 6.2=Nokia/Starlord_00WW/SLD_sprout:9/PKQ1.190118.001/00WW_1_170:user/release-keys__2020-01-05",
  "MANUFACTURER": "Nokia",
  "MODEL": "Nokia 6.2",
  "PRODUCT": "Starlord_00WW",
  "DEVICE": "SLD_sprout",
  "BRAND": "Nokia",
  "FINGERPRINT": "Nokia/Starlord_00WW/SLD_sprout:9/PKQ1.190118.001/00WW_1_170:user/release-keys",
  "SECURITY_PATCH": "2020-01-05",
  "BUILD_ID": "PKQ1.190118.001",
  "RELEASE": "9",
  "INCREMENTAL": "00WW_1_170",
  "TYPE": "user",
  "TAGS": "release-keys",
  "FIRST_API_LEVEL": "28"
}
