{
  "COMMENT": "Asus ZenFone 7/7 Pro Europe ASUS_I002D (10):Asus:ASUS_I002D=asus/EU_I002D/ASUS_I002D:10/QKQ1.200127.002/29.14.53.5_20201111:user/release-keys__2020-10-05",
  "MANUFACTURER": "Asus",
  "MODEL": "ASUS_I002D",
  "PRODUCT": "EU_I002D",
  "DEVICE": "ASUS_I002D",
  "BRAND": "asus",
  "FINGERPRINT": "asus/EU_I002D/ASUS_I002D:10/QKQ1.200127.002/29.14.53.5_20201111:user/release-keys",
  "SECURITY_PATCH": "2020-10-05",
  "BUILD_ID": "QKQ1.200127.002",
  "RELEASE": "10",
  "INCREMENTAL": "29.14.53.5_20201111",
  "TYPE": "user",
  "TAGS": "release-keys",
  "FIRST_API_LEVEL": "29"
}
