{
  "COMMENT": "Samsung Galaxy A40 SM-A405FN (10):Samsung:SM-A405FN=samsung/a40xx/a40:10/QP1A.190711.020/A405FNXXS3BTI3:user/release-keys__2020-09-01",
  "MANUFACTURER": "Samsung",
  "MODEL": "SM-A405FN",
  "PRODUCT": "a40xx",
  "DEVICE": "a40",
  "BRAND": "samsung",
  "FINGERPRINT": "samsung/a40xx/a40:10/QP1A.190711.020/A405FNXXS3BTI3:user/release-keys",
  "SECURITY_PATCH": "2020-09-01",
  "BUILD_ID": "QP1A.190711.020",
  "RELEASE": "10",
  "INCREMENTAL": "A405FNXXS3BTI3",
  "TYPE": "user",
  "TAGS": "release-keys",
  "FIRST_API_LEVEL": "29"
}
