{
  "COMMENT": "Samsung Galaxy A7 2017 SM-A720F (8.0.0):Samsung:SM-A720F=samsung/a7y17ltexx/a7y17lte:8.0.0/R16NW/A720FXXU9CSK3:user/release-keys__2019-12-01",
  "MANUFACTURER": "Samsung",
  "MODEL": "SM-A720F",
  "PRODUCT": "a7y17ltexx",
  "DEVICE": "a7y17lte",
  "BRAND": "samsung",
  "FINGERPRINT": "samsung/a7y17ltexx/a7y17lte:8.0.0/R16NW/A720FXXU9CSK3:user/release-keys",
  "SECURITY_PATCH": "2019-12-01",
  "BUILD_ID": "R16NW",
  "RELEASE": "8.0.0",
  "INCREMENTAL": "A720FXXU9CSK3",
  "TYPE": "user",
  "TAGS": "release-keys",
  "FIRST_API_LEVEL": "26"
}
