{
  "COMMENT": "Motorola Moto E5 Play (8.0.0):Motorola:moto e5 play=motorola/james_sprint/james:8.0.0/OCPS27.91-140-1/1:user/release-keys__2018-10-01",
  "MANUFACTURER": "Motorola",
  "MODEL": "moto e5 play",
  "PRODUCT": "james_sprint",
  "DEVICE": "james",
  "BRAND": "motorola",
  "FINGERPRINT": "motorola/james_sprint/james:8.0.0/OCPS27.91-140-1/1:user/release-keys",
  "SECURITY_PATCH": "2018-10-01",
  "BUILD_ID": "OCPS27.91-140-1",
  "RELEASE": "8.0.0",
  "INCREMENTAL": "1",
  "TYPE": "user",
  "TAGS": "release-keys",
  "FIRST_API_LEVEL": "26"
}
