{
  "COMMENT": "OnePlus 8 Europe IN2013 (10 & 11):OnePlus:IN2013=OnePlus/OnePlus8_EEA/OnePlus8:10/QKQ1.191222.002/2008150504:user/release-keys__2020-08-01;OnePlus/OnePlus8_EEA/OnePlus8:11/RP1A.201005.001/2110091918:user/release-keys__2021-10-01",
  "MANUFACTURER": "Oneplus",
  "MODEL": "IN2013",
  "PRODUCT": "OnePlus8_EEA",
  "DEVICE": "OnePlus8",
  "BRAND": "OnePlus",
  "FINGERPRINT": "OnePlus/OnePlus8_EEA/OnePlus8:10/QKQ1.191222.002/2008150504:user/release-keys",
  "SECURITY_PATCH": "2020-08-01",
  "BUILD_ID": "QKQ1.191222.002",
  "RELEASE": "10",
  "INCREMENTAL": "2008150504",
  "TYPE": "user",
  "TAGS": "release-keys",
  "FIRST_API_LEVEL": "29"
}
