{
  "COMMENT": "Motorola Moto X4 (8.0.0 & 9):Motorola:moto x4=motorola/payton/payton:8.0.0/OPWS27.57-25-6-10/12:user/release-keys;motorola/payton_fi/payton_sprout:9/PPWS29.69-39-6-6/8c843:user/release-keys__2020-03-01",
  "MANUFACTURER": "Motorola",
  "MODEL": "moto x4",
  "PRODUCT": "payton",
  "DEVICE": "payton",
  "BRAND": "motorola",
  "FINGERPRINT": "motorola/payton/payton:8.0.0/OPWS27.57-25-6-10/12:user/release-keys",
  "BUILD_ID": "OPWS27.57-25-6-10",
  "RELEASE": "8.0.0",
  "INCREMENTAL": "12",
  "TYPE": "user",
  "TAGS": "release-keys",
  "FIRST_API_LEVEL": "26"
}
