{
  "COMMENT": "OnePlus 7 Pro NR Europe GM1920 (9 & 10):OnePlus:GM1920=OnePlus/OnePlus7ProNR_EEA/OnePlus7ProNR:9/PKQ1.190223.001/1912171007:user/release-keys__2019-12-01;OnePlus/OnePlus7ProNR_EEA/OnePlus7ProNR:10/QKQ1.190716.003/2109160130:user/release-keys__2021-09-01",
  "MANUFACTURER": "Oneplus",
  "MODEL": "GM1920",
  "PRODUCT": "OnePlus7ProNR_EEA",
  "DEVICE": "OnePlus7ProNR",
  "BRAND": "OnePlus",
  "FINGERPRINT": "OnePlus/OnePlus7ProNR_EEA/OnePlus7ProNR:9/PKQ1.190223.001/1912171007:user/release-keys",
  "SECURITY_PATCH": "2019-12-01",
  "BUILD_ID": "PKQ1.190223.001",
  "RELEASE": "9",
  "INCREMENTAL": "1912171007",
  "TYPE": "user",
  "TAGS": "release-keys",
  "FIRST_API_LEVEL": "28"
}
