{
  "COMMENT": "Asus ROG Phone 3 ZS661KS (10):Asus:ZS661KS=asus/WW_I003D/ASUS_I003_1:10/QKQ1.200419.002/17.0823.2012.122-0:user/release-keys__2020-12-01",
  "MANUFACTURER": "Asus",
  "MODEL": "ZS661KS",
  "PRODUCT": "WW_I003D",
  "DEVICE": "ASUS_I003_1",
  "BRAND": "asus",
  "FINGERPRINT": "asus/WW_I003D/ASUS_I003_1:10/QKQ1.200419.002/17.0823.2012.122-0:user/release-keys",
  "SECURITY_PATCH": "2020-12-01",
  "BUILD_ID": "QKQ1.200419.002",
  "RELEASE": "10",
  "INCREMENTAL": "17.0823.2012.122-0",
  "TYPE": "user",
  "TAGS": "release-keys",
  "FIRST_API_LEVEL": "29"
}
