{
  "COMMENT": "POCO X2 (10):POCO:POCO X2=POCO/phoenixin/phoenixin:10/QKQ1.190825.002/V12.0.2.0.QGHINXM:user/release-keys__2020-10-01",
  "MANUFACTURER": "POCO",
  "MODEL": "POCO X2",
  "PRODUCT": "phoenixin",
  "DEVICE": "phoenixin",
  "BRAND": "POCO",
  "FINGERPRINT": "POCO/phoenixin/phoenixin:10/QKQ1.190825.002/V12.0.2.0.QGHINXM:user/release-keys",
  "SECURITY_PATCH": "2020-10-01",
  "BUILD_ID": "QKQ1.190825.002",
  "RELEASE": "10",
  "INCREMENTAL": "V12.0.2.0.QGHINXM",
  "TYPE": "user",
  "TAGS": "release-keys",
  "FIRST_API_LEVEL": "29"
}
