{
  "COMMENT": "OnePlus 5 (8.1.0 & 9 & 10):OnePlus:ONEPLUS A5000=OnePlus/OnePlus5/OnePlus5:8.1.0/OPM1.171019.011/1809241512:user/release-keys__2018-09-01;OnePlus/OnePlus5/OnePlus5:9/PKQ1.180716.001/2002242003:user/release-keys__2020-02-01;OnePlus/OnePlus5/OnePlus5:10/QKQ1.191014.012/2010292059:user/release-keys__2020-09-01",
  "MANUFACTURER": "Oneplus",
  "MODEL": "ONEPLUS A5000",
  "PRODUCT": "OnePlus5",
  "DEVICE": "OnePlus5",
  "BRAND": "OnePlus",
  "FINGERPRINT": "OnePlus/OnePlus5/OnePlus5:8.1.0/OPM1.171019.011/1809241512:user/release-keys",
  "SECURITY_PATCH": "2018-09-01",
  "BUILD_ID": "OPM1.171019.011",
  "RELEASE": "8.1.0",
  "INCREMENTAL": "1809241512",
  "TYPE": "user",
  "TAGS": "release-keys",
  "FIRST_API_LEVEL": "27"
}
