{
  "COMMENT": "Asus Zenfone 8 Mini Europe ASUS_I006D (11):Asus:ASUS_I006D=asus/EU_I006D/ASUS_I006D:11/RKQ1.201022.002/30.11.51.83:user/release-keys__2021-05-05",
  "MANUFACTURER": "Asus",
  "MODEL": "ASUS_I006D",
  "PRODUCT": "EU_I006D",
  "DEVICE": "ASUS_I006D",
  "BRAND": "asus",
  "FINGERPRINT": "asus/EU_I006D/ASUS_I006D:11/RKQ1.201022.002/30.11.51.83:user/release-keys",
  "SECURITY_PATCH": "2021-05-05",
  "BUILD_ID": "RKQ1.201022.002",
  "RELEASE": "11",
  "INCREMENTAL": "30.11.51.83",
  "TYPE": "user",
  "TAGS": "release-keys",
  "FIRST_API_LEVEL": "30"
}
