{
  "COMMENT": "OnePlus N100 Global BE2011 (10 & 11):OnePlus:BE2011=OnePlus/OnePlusN100/OnePlusN100:10/QKQ1.200719.002/2104021943:user/release-keys__2021-03-05;OnePlus/OnePlusN100/OnePlusN100:11/RKQ1.201217.002/2109272255:user/release-keys__2021-10-01",
  "MANUFACTURER": "Oneplus",
  "MODEL": "BE2011",
  "PRODUCT": "OnePlusN100",
  "DEVICE": "OnePlusN100",
  "BRAND": "OnePlus",
  "FINGERPRINT": "OnePlus/OnePlusN100/OnePlusN100:11/RKQ1.201217.002/2109272255:user/release-keys",
  "SECURITY_PATCH": "2021-10-01",
  "BUILD_ID": "RKQ1.201217.002",
  "RELEASE": "11",
  "INCREMENTAL": "2109272255",
  "TYPE": "user",
  "TAGS": "release-keys",
  "FIRST_API_LEVEL": "29"
}
