{
  "COMMENT": "Samsung Galaxy J5 2016 SM-J510FN (7.1.1):Samsung:SM-J510FN=samsung/j5xnltexx/j5xnlte:7.1.1/NMF26X/J510FNXXS2BRA2:user/release-keys",
  "MANUFACTURER": "Samsung",
  "MODEL": "SM-J510FN",
  "PRODUCT": "j5xnltexx",
  "DEVICE": "j5xnlte",
  "BRAND": "samsung",
  "FINGERPRINT": "samsung/j5xnltexx/j5xnlte:7.1.1/NMF26X/J510FNXXS2BRA2:user/release-keys",
  "BUILD_ID": "NMF26X",
  "RELEASE": "7.1.1",
  "INCREMENTAL": "J510FNXXS2BRA2",
  "TYPE": "user",
  "TAGS": "release-keys",
  "FIRST_API_LEVEL": "25"
}
