{
  "COMMENT": "Motorola Moto E5 Plus (8.0.0):Motorola:moto e5 plus=motorola/hannah_sprint/hannah:8.0.0/OCPS27.91-32-4/4:user/release-keys__2018-10-01",
  "MANUFACTURER": "Motorola",
  "MODEL": "moto e5 plus",
  "PRODUCT": "hannah_sprint",
  "DEVICE": "hannah",
  "BRAND": "motorola",
  "FINGERPRINT": "motorola/hannah_sprint/hannah:8.0.0/OCPS27.91-32-4/4:user/release-keys",
  "SECURITY_PATCH": "2018-10-01",
  "BUILD_ID": "OCPS27.91-32-4",
  "RELEASE": "8.0.0",
  "INCREMENTAL": "4",
  "TYPE": "user",
  "TAGS": "release-keys",
  "FIRST_API_LEVEL": "26"
}
