{
  "COMMENT": "Motorola Moto G 5g (10):Motorola:moto g 5G=motorola/kiev_retail/kiev:10/QZKS30.Q4-40-81-3-4/88702:user/release-keys__2021-07-01",
  "MANUFACTURER": "Motorola",
  "MODEL": "moto g 5G",
  "PRODUCT": "kiev_retail",
  "DEVICE": "kiev",
  "BRAND": "motorola",
  "FINGERPRINT": "motorola/kiev_retail/kiev:10/QZKS30.Q4-40-81-3-4/88702:user/release-keys",
  "SECURITY_PATCH": "2021-07-01",
  "BUILD_ID": "QZKS30.Q4-40-81-3-4",
  "RELEASE": "10",
  "INCREMENTAL": "88702",
  "TYPE": "user",
  "TAGS": "release-keys",
  "FIRST_API_LEVEL": "29"
}
