{
  "COMMENT": "LeEco Le Pro3 (6.0.1):Leeco:LEX725=LeEco/ZL1_NA/le_zl1:6.0.1/WEXNAOP5802101261S/letv01261206:user/release-keys",
  "MANUFACTURER": "Leeco",
  "MODEL": "LEX725",
  "PRODUCT": "ZL1_NA",
  "DEVICE": "le_zl1",
  "BRAND": "LeEco",
  "FINGERPRINT": "LeEco/ZL1_NA/le_zl1:6.0.1/WEXNAOP5802101261S/letv01261206:user/release-keys",
  "BUILD_ID": "WEXNAOP5802101261S",
  "RELEASE": "6.0.1",
  "INCREMENTAL": "letv01261206",
  "TYPE": "user",
  "TAGS": "release-keys",
  "FIRST_API_LEVEL": "23"
}
