{
  "COMMENT": "Motorola Moto G4 (7.0 & 8.1.0):Motorola:Moto G (4)=motorola/athene/athene:7.0/NPJS25.93-14-13/3:user/release-keys;motorola/athene/athene:8.1.0/OPJ28.111-22/532da:user/release-keys__2018-12-01",
  "MANUFACTURER": "Motorola",
  "MODEL": "Moto G (4)",
  "PRODUCT": "athene",
  "DEVICE": "athene",
  "BRAND": "motorola",
  "FINGERPRINT": "motorola/athene/athene:7.0/NPJS25.93-14-13/3:user/release-keys",
  "BUILD_ID": "NPJS25.93-14-13",
  "RELEASE": "7.0",
  "INCREMENTAL": "3",
  "TYPE": "user",
  "TAGS": "release-keys",
  "FIRST_API_LEVEL": "24"
}
