{
  "COMMENT": "Samsung Galaxy A70 SM-A705FN (10):samsung:SM-A705FN=samsung/a70qxx/a70q:10/QP1A.190711.020/A705FNXXU5CTK4:user/release-keys__2020-11-01",
  "MANUFACTURER": "Samsung",
  "MODEL": "SM-A705FN",
  "PRODUCT": "a70qxx",
  "DEVICE": "a70q",
  "BRAND": "samsung",
  "FINGERPRINT": "samsung/a70qxx/a70q:10/QP1A.190711.020/A705FNXXU5CTK4:user/release-keys",
  "SECURITY_PATCH": "2020-11-01",
  "BUILD_ID": "QP1A.190711.020",
  "RELEASE": "10",
  "INCREMENTAL": "A705FNXXU5CTK4",
  "TYPE": "user",
  "TAGS": "release-keys",
  "FIRST_API_LEVEL": "29"
}
