{
  "COMMENT": "Redmi Note 8 Pro Russia (9 & 10):Redmi:Redmi Note 8 Pro=Redmi/begonia_ru/begonia:9/PPR1.180610.011/V11.0.3.0.PGGRUXM:user/release-keys__2019-11-01;Redmi/begonia_ru/begonia:10/QP1A.190711.020/V11.0.2.0.QGGRUXM:user/release-keys__2020-02-01",
  "MANUFACTURER": "Redmi",
  "MODEL": "Redmi Note 8 Pro",
  "PRODUCT": "begonia_ru",
  "DEVICE": "begonia",
  "BRAND": "Redmi",
  "FINGERPRINT": "Redmi/begonia_ru/begonia:9/PPR1.180610.011/V11.0.3.0.PGGRUXM:user/release-keys",
  "SECURITY_PATCH": "2019-11-01",
  "BUILD_ID": "PPR1.180610.011",
  "RELEASE": "9",
  "INCREMENTAL": "V11.0.3.0.PGGRUXM",
  "TYPE": "user",
  "TAGS": "release-keys",
  "FIRST_API_LEVEL": "28"
}
