{
  "COMMENT": "LG G5 H830 (8.0.0):LGE:LG-H830=lge/h1_tmo_us/h1:8.0.0/OPR1.170623.032/182251913485f:user/release-keys__2018-08-01",
  "MANUFACTURER": "LGE",
  "MODEL": "LG-H830",
  "PRODUCT": "h1_tmo_us",
  "DEVICE": "h1",
  "BRAND": "lge",
  "FINGERPRINT": "lge/h1_tmo_us/h1:8.0.0/OPR1.170623.032/182251913485f:user/release-keys",
  "SECURITY_PATCH": "2018-08-01",
  "BUILD_ID": "OPR1.170623.032",
  "RELEASE": "8.0.0",
  "INCREMENTAL": "182251913485f",
  "TYPE": "user",
  "TAGS": "release-keys",
  "FIRST_API_LEVEL": "26"
}
