{
  "COMMENT": "Asus ZenFone 3 Max ASUS_X00DD (7.1.1 & 8.1.0):Asus:ASUS_X00DD=asus/WW_Phone/ASUS_X00DD:7.1.1/NMF26F/14.0200.1712.347-20171214:user/release-keys;asus/WW_Phone/ASUS_X00DD:8.1.0/OPM1.171019.011/15.0200.1812.503-0:user/release-keys__2018-12-05",
  "MANUFACTURER": "Asus",
  "MODEL": "ASUS_X00DD",
  "PRODUCT": "WW_Phone",
  "DEVICE": "ASUS_X00DD",
  "BRAND": "asus",
  "FINGERPRINT": "asus/WW_Phone/ASUS_X00DD:8.1.0/OPM1.171019.011/15.0200.1812.503-0:user/release-keys",
  "SECURITY_PATCH": "2018-12-05",
  "BUILD_ID": "OPM1.171019.011",
  "RELEASE": "8.1.0",
  "INCREMENTAL": "15.0200.1812.503-0",
  "TYPE": "user",
  "TAGS": "release-keys",
  "FIRST_API_LEVEL": "25"
}
