{
  "COMMENT": "Asus ZenFone Max M1 ASUS_X00PD (8.0.0 & 9 & 10):Asus:ASUS_X00PD=asus/WW_X00PD/ASUS_X00P_1:8.0.0/OPR1.170623.032/15.00.2007.122:user/release-keys__2020-07-05;asus/WW_X00PD/ASUS_X00P_1:9/PPR1.180610.009/16.00.1906.411:user/release-keys__2019-06-05;asus/WW_X00PD/ASUS_X00P_1:10/QKQ1.191002.002/17.00.2003.23-20200401:user/release-keys__2020-03-05",
  "MANUFACTURER": "Asus",
  "MODEL": "ASUS_X00PD",
  "PRODUCT": "WW_X00PD",
  "DEVICE": "ASUS_X00P_1",
  "BRAND": "asus",
  "FINGERPRINT": "asus/WW_X00PD/ASUS_X00P_1:10/QKQ1.191002.002/17.00.2003.23-20200401:user/release-keys",
  "SECURITY_PATCH": "2020-03-05",
  "BUILD_ID": "QKQ1.191002.002",
  "RELEASE": "10",
  "INCREMENTAL": "17.00.2003.23-20200401",
  "TYPE": "user",
  "TAGS": "release-keys",
  "FIRST_API_LEVEL": "26"
}
