{
  "COMMENT": "LG V20 VS995 (8.0.0):LGE:VS995=lge/elsa_vzw/elsa:8.0.0/OPR1.170623.032/183141449275f:user/release-keys__2018-10-01",
  "MANUFACTURER": "LGE",
  "MODEL": "VS995",
  "PRODUCT": "elsa_vzw",
  "DEVICE": "elsa",
  "BRAND": "lge",
  "FINGERPRINT": "lge/elsa_vzw/elsa:8.0.0/OPR1.170623.032/183141449275f:user/release-keys",
  "SECURITY_PATCH": "2018-10-01",
  "BUILD_ID": "OPR1.170623.032",
  "RELEASE": "8.0.0",
  "INCREMENTAL": "183141449275f",
  "TYPE": "user",
  "TAGS": "release-keys",
  "FIRST_API_LEVEL": "26"
}
