{
  "COMMENT": "Elephone U Pro (8.0.0):Elephone:U_Pro=Elephone/U_Pro/U_Pro:8.0.0/Elephone_U_Pro_20180917/09172123:user/release-keys__2018-09-05",
  "MANUFACTURER": "Elephone",
  "MODEL": "U_Pro",
  "PRODUCT": "U_Pro",
  "DEVICE": "U_Pro",
  "BRAND": "Elephone",
  "FINGERPRINT": "Elephone/U_Pro/U_Pro:8.0.0/Elephone_U_Pro_20180917/09172123:user/release-keys",
  "SECURITY_PATCH": "2018-09-05",
  "BUILD_ID": "Elephone_U_Pro_20180917",
  "RELEASE": "8.0.0",
  "INCREMENTAL": "09172123",
  "TYPE": "user",
  "TAGS": "release-keys",
  "FIRST_API_LEVEL": "26"
}
