{
  "COMMENT": "Motorola Moto C Plus (7.0):Motorola:Moto C Plus=motorola/panell_21_d/panell_d:7.0/NRD90M.03.040/040:user/release-keys",
  "MANUFACTURER": "Motorola",
  "MODEL": "Moto C Plus",
  "PRODUCT": "panell_21_d",
  "DEVICE": "panell_d",
  "BRAND": "motorola",
  "FINGERPRINT": "motorola/panell_21_d/panell_d:7.0/NRD90M.03.040/040:user/release-keys",
  "BUILD_ID": "NRD90M.03.040",
  "RELEASE": "7.0",
  "INCREMENTAL": "040",
  "TYPE": "user",
  "TAGS": "release-keys",
  "FIRST_API_LEVEL": "24"
}
