{
  "COMMENT": "Redmi 9T Global (10):Redmi:M2010J19SI=Redmi/lime_global/lime:10/QKQ1.200830.002/V12.0.7.0.QJQMIXM:user/release-keys__2021-03-01",
  "MANUFACTURER": "Redmi",
  "MODEL": "M2010J19SI",
  "PRODUCT": "lime_global",
  "DEVICE": "lime",
  "BRAND": "Redmi",
  "FINGERPRINT": "Redmi/lime_global/lime:10/QKQ1.200830.002/V12.0.7.0.QJQMIXM:user/release-keys",
  "SECURITY_PATCH": "2021-03-01",
  "BUILD_ID": "QKQ1.200830.002",
  "RELEASE": "10",
  "INCREMENTAL": "V12.0.7.0.QJQMIXM",
  "TYPE": "user",
  "TAGS": "release-keys",
  "FIRST_API_LEVEL": "29"
}
