{
  "COMMENT": "Samsung Galaxy A52 4G (11):Samsung:SM-A525F=samsung/a52qnsxx/a52q:11/RP1A.200720.012/A525FXXU2AUF3:user/release-keys__2021-06-01",
  "MANUFACTURER": "Samsung",
  "MODEL": "SM-A525F",
  "PRODUCT": "a52qnsxx",
  "DEVICE": "a52q",
  "BRAND": "samsung",
  "FINGERPRINT": "samsung/a52qnsxx/a52q:11/RP1A.200720.012/A525FXXU2AUF3:user/release-keys",
  "SECURITY_PATCH": "2021-06-01",
  "BUILD_ID": "RP1A.200720.012",
  "RELEASE": "11",
  "INCREMENTAL": "A525FXXU2AUF3",
  "TYPE": "user",
  "TAGS": "release-keys",
  "FIRST_API_LEVEL": "30"
}
