{
  "COMMENT": "OnePlus 7T China HD1900 (10 & 11):OnePlus:HD1900=OnePlus/OnePlus7T_CH/OnePlus7T:10/QKQ1.190716.003/2005131900:user/release-keys__2020-05-01;OnePlus/OnePlus7T_CH/OnePlus7T:11/RKQ1.201022.002/2108162001:user/release-keys__2021-08-01",
  "MANUFACTURER": "Oneplus",
  "MODEL": "HD1900",
  "PRODUCT": "OnePlus7T_CH",
  "DEVICE": "OnePlus7T",
  "BRAND": "OnePlus",
  "FINGERPRINT": "OnePlus/OnePlus7T_CH/OnePlus7T:10/QKQ1.190716.003/2005131900:user/release-keys",
  "SECURITY_PATCH": "2020-05-01",
  "BUILD_ID": "QKQ1.190716.003",
  "RELEASE": "10",
  "INCREMENTAL": "2005131900",
  "TYPE": "user",
  "TAGS": "release-keys",
  "FIRST_API_LEVEL": "29"
}
