{
  "COMMENT": "Redmi Note 8 Pro India (9 & 10):Redmi:Redmi Note 8 Pro=Redmi/begoniain/begoniain:9/PPR1.180610.011/V10.4.4.0.PGGINXM:user/release-keys__2019-09-01;Redmi/begoniain/begoniain:10/QP1A.190711.020/V11.0.2.0.QGGINXM:user/release-keys__2020-02-01",
  "MANUFACTURER": "Redmi",
  "MODEL": "Redmi Note 8 Pro",
  "PRODUCT": "begoniain",
  "DEVICE": "begoniain",
  "BRAND": "Redmi",
  "FINGERPRINT": "Redmi/begoniain/begoniain:9/PPR1.180610.011/V10.4.4.0.PGGINXM:user/release-keys",
  "SECURITY_PATCH": "2019-09-01",
  "BUILD_ID": "PPR1.180610.011",
  "RELEASE": "9",
  "INCREMENTAL": "V10.4.4.0.PGGINXM",
  "TYPE": "user",
  "TAGS": "release-keys",
  "FIRST_API_LEVEL": "28"
}
