{
  "COMMENT": "LG V20 H910 (8.0.0):LGE:LG-H910=lge/elsa_att_us/elsa:8.0.0/OPR1.170623.032/181871124f959:user/release-keys__2018-06-01",
  "MANUFACTURER": "LGE",
  "MODEL": "LG-H910",
  "PRODUCT": "elsa_att_us",
  "DEVICE": "elsa",
  "BRAND": "lge",
  "FINGERPRINT": "lge/elsa_att_us/elsa:8.0.0/OPR1.170623.032/181871124f959:user/release-keys",
  "SECURITY_PATCH": "2018-06-01",
  "BUILD_ID": "OPR1.170623.032",
  "RELEASE": "8.0.0",
  "INCREMENTAL": "181871124f959",
  "TYPE": "user",
  "TAGS": "release-keys",
  "FIRST_API_LEVEL": "26"
}
