{
  "COMMENT": "Lenovo K6 Note (7.0):Lenovo:Lenovo K53a48=Lenovo/karatep/K53a48:7.0/NRD90N/K53_S228_171114_ROW:user/release-keys",
  "MANUFACTURER": "Lenovo",
  "MODEL": "Lenovo K53a48",
  "PRODUCT": "karatep",
  "DEVICE": "K53a48",
  "BRAND": "Lenovo",
  "FINGERPRINT": "Lenovo/karatep/K53a48:7.0/NRD90N/K53_S228_171114_ROW:user/release-keys",
  "BUILD_ID": "NRD90N",
  "RELEASE": "7.0",
  "INCREMENTAL": "K53_S228_171114_ROW",
  "TYPE": "user",
  "TAGS": "release-keys",
  "FIRST_API_LEVEL": "24"
}
