{
  "COMMENT": "Mecool KM8 (8.0.0 & 9):Mecool:KM8=MECOOL/KM8/KM8:8.0.0/OPR6.170623.013/V0412.201806271453:user/release-keys__2018-05-05;MECOOL/KM8/KM8:9/PI/20190315:user/release-keys__2019-02-05",
  "MANUFACTURER": "Mecool",
  "MODEL": "KM8",
  "PRODUCT": "KM8",
  "DEVICE": "KM8",
  "BRAND": "MECOOL",
  "FINGERPRINT": "MECOOL/KM8/KM8:9/PI/20190315:user/release-keys",
  "SECURITY_PATCH": "2019-02-05",
  "BUILD_ID": "PI",
  "RELEASE": "9",
  "INCREMENTAL": "20190315",
  "TYPE": "user",
  "TAGS": "release-keys",
  "FIRST_API_LEVEL": "26"
}
