{
  "COMMENT": "Samsung Galaxt Tab A LTE SM-T597 (9):Samsung:SM-T597=samsung/gta2xlltespr/gta2xlltespr:9/PPR1.180610.011/T597PVPU2BSH7:user/release-keys__2019-08-01",
  "MANUFACTURER": "Samsung",
  "MODEL": "SM-T597",
  "PRODUCT": "gta2xlltespr",
  "DEVICE": "gta2xlltespr",
  "BRAND": "samsung",
  "FINGERPRINT": "samsung/gta2xlltespr/gta2xlltespr:9/PPR1.180610.011/T597PVPU2BSH7:user/release-keys",
  "SECURITY_PATCH": "2019-08-01",
  "BUILD_ID": "PPR1.180610.011",
  "RELEASE": "9",
  "INCREMENTAL": "T597PVPU2BSH7",
  "TYPE": "user",
  "TAGS": "release-keys",
  "FIRST_API_LEVEL": "28"
}
