{
  "COMMENT": "Motorola Moto G7 Power (9 & 10):Motorola:moto g(7) power=motorola/ocean/ocean:9/PPOS29.114-134-13/6abfe:user/release-keys__2020-04-01;motorola/ocean/ocean:10/QPO30.52-29/c0490:user/release-keys__2020-04-01",
  "MANUFACTURER": "Motorola",
  "MODEL": "moto g(7) power",
  "PRODUCT": "ocean",
  "DEVICE": "ocean",
  "BRAND": "motorola",
  "FINGERPRINT": "motorola/ocean/ocean:9/PPOS29.114-134-13/6abfe:user/release-keys",
  "SECURITY_PATCH": "2020-04-01",
  "BUILD_ID": "PPOS29.114-134-13",
  "RELEASE": "9",
  "INCREMENTAL": "6abfe",
  "TYPE": "user",
  "TAGS": "release-keys",
  "FIRST_API_LEVEL": "28"
}
