{
  "COMMENT": "Nokia 6.1 (10):Nokia:Nokia 6.1=Nokia/Plate2_00WW/PL2_sprout:10/QKQ1.190828.002/00WW_4_15E:user/release-keys__2020-06-01",
  "MANUFACTURER": "Nokia",
  "MODEL": "Nokia 6.1",
  "PRODUCT": "Plate2_00WW",
  "DEVICE": "PL2_sprout",
  "BRAND": "Nokia",
  "FINGERPRINT": "Nokia/Plate2_00WW/PL2_sprout:10/QKQ1.190828.002/00WW_4_15E:user/release-keys",
  "SECURITY_PATCH": "2020-06-01",
  "BUILD_ID": "QKQ1.190828.002",
  "RELEASE": "10",
  "INCREMENTAL": "00WW_4_15E",
  "TYPE": "user",
  "TAGS": "release-keys",
  "FIRST_API_LEVEL": "29"
}
