{
  "COMMENT": "Motorola Moto Z3 Play (9):Motorola:Moto Z3 Play=motorola/beckham/beckham:9/PPWS29.131-27-1-27/34b6d:user/release-keys__2020-07-01",
  "MANUFACTURER": "Motorola",
  "MODEL": "Moto Z3 Play",
  "PRODUCT": "beckham",
  "DEVICE": "beckham",
  "BRAND": "motorola",
  "FINGERPRINT": "motorola/beckham/beckham:9/PPWS29.131-27-1-27/34b6d:user/release-keys",
  "SECURITY_PATCH": "2020-07-01",
  "BUILD_ID": "PPWS29.131-27-1-27",
  "RELEASE": "9",
  "INCREMENTAL": "34b6d",
  "TYPE": "user",
  "TAGS": "release-keys",
  "FIRST_API_LEVEL": "28"
}
