{
  "COMMENT": "Huawei Mate 20 Lite SNE-LX1 (9):Huawei:SNE-LX1=HUAWEI/SNE-LX1EEA/HWSNE:9/HUAWEISNE-L01/245EEAC782:user/release-keys__2019-09-01",
  "MANUFACTURER": "Huawei",
  "MODEL": "SNE-LX1",
  "PRODUCT": "SNE-LX1EEA",
  "DEVICE": "HWSNE",
  "BRAND": "HUAWEI",
  "FINGERPRINT": "HUAWEI/SNE-LX1EEA/HWSNE:9/HUAWEISNE-L01/245EEAC782:user/release-keys",
  "SECURITY_PATCH": "2019-09-01",
  "BUILD_ID": "HUAWEISNE-L01",
  "RELEASE": "9",
  "INCREMENTAL": "245EEAC782",
  "TYPE": "user",
  "TAGS": "release-keys",
  "FIRST_API_LEVEL": "28"
}
