{
  "COMMENT": "Google Nexus 6P (6.0 & 6.0.1 & 7.0 & 7.1.1 & 7.1.2 & 8.0.0 & 8.1.0):Huawei:Nexus 6P=google/angler/angler:6.0/MDB08L/2343525:user/release-keys;google/angler/angler:6.0.1/MTC20L/3230295:user/release-keys;google/angler/angler:7.0/NBD91K/3318877:user/release-keys;google/angler/angler:7.1.1/N4F26U/3757780:user/release-keys;google/angler/angler:7.1.2/N2G48C/4104010:user/release-keys;google/angler/angler:8.0.0/OPR5.170623.014/4443154:user/release-keys;google/angler/angler:8.1.0/OPM7.181205.001/5080180:user/release-keys__2018-12-05",
  "MANUFACTURER": "Huawei",
  "MODEL": "Nexus 6P",
  "PRODUCT": "angler",
  "DEVICE": "angler",
  "BRAND": "google",
  "FINGERPRINT": "google/angler/angler:6.0.1/MTC20L/3230295:user/release-keys",
  "BUILD_ID": "MTC20L",
  "RELEASE": "6.0.1",
  "INCREMENTAL": "3230295",
  "TYPE": "user",
  "TAGS": "release-keys",
  "FIRST_API_LEVEL": "23"
}
