{
  "COMMENT": "POCO X3 NFC Europe (10 & 11):POCO:M2007J20CG=POCO/surya_eea/surya:10/QKQ1.200512.002/V12.0.7.0.QJGEUXM:user/release-keys__2020-11-01;POCO/surya_eea/surya:11/RKQ1.200826.002/V12.0.7.0.RJGEUXM:user/release-keys__2021-04-01",
  "MANUFACTURER": "POCO",
  "MODEL": "M2007J20CG",
  "PRODUCT": "surya_eea",
  "DEVICE": "surya",
  "BRAND": "POCO",
  "FINGERPRINT": "POCO/surya_eea/surya:10/QKQ1.200512.002/V12.0.7.0.QJGEUXM:user/release-keys",
  "SECURITY_PATCH": "2020-11-01",
  "BUILD_ID": "QKQ1.200512.002",
  "RELEASE": "10",
  "INCREMENTAL": "V12.0.7.0.QJGEUXM",
  "TYPE": "user",
  "TAGS": "release-keys",
  "FIRST_API_LEVEL": "29"
}
