{
  "COMMENT": "Nokia 6 TA-1033 (9):Nokia:TA-1033=Nokia/TA-1033_00WW/PLE:9/PKQ1.181105.001/00WW_6_19C:user/release-keys__2020-01-01",
  "MANUFACTURER": "Nokia",
  "MODEL": "TA-1033",
  "PRODUCT": "TA-1033_00WW",
  "DEVICE": "PLE",
  "BRAND": "Nokia",
  "FINGERPRINT": "Nokia/TA-1033_00WW/PLE:9/PKQ1.181105.001/00WW_6_19C:user/release-keys",
  "SECURITY_PATCH": "2020-01-01",
  "BUILD_ID": "PKQ1.181105.001",
  "RELEASE": "9",
  "INCREMENTAL": "00WW_6_19C",
  "TYPE": "user",
  "TAGS": "release-keys",
  "FIRST_API_LEVEL": "28"
}
