{
  "COMMENT": "Samsung Galaxy A20 SM-A205W (9):Samsung:SM-A205W=samsung/a20cs/a20:9/PPR1.180610.011/A205WVLU3ASK2:user/release-keys__2019-11-01",
  "MANUFACTURER": "Samsung",
  "MODEL": "SM-A205W",
  "PRODUCT": "a20cs",
  "DEVICE": "a20",
  "BRAND": "samsung",
  "FINGERPRINT": "samsung/a20cs/a20:9/PPR1.180610.011/A205WVLU3ASK2:user/release-keys",
  "SECURITY_PATCH": "2019-11-01",
  "BUILD_ID": "PPR1.180610.011",
  "RELEASE": "9",
  "INCREMENTAL": "A205WVLU3ASK2",
  "TYPE": "user",
  "TAGS": "release-keys",
  "FIRST_API_LEVEL": "28"
}
