{
  "COMMENT": "LG G6 H870 (7.0 & 8.0.0):LGE:LG-H870=lge/lucye_global_com/lucye:7.0/NRD90U/171732341982c:user/release-keys;lge/lucye_global_com/lucye:8.0.0/OPR1.170623.032/183301757502c:user/release-keys__2018-11-01",
  "MANUFACTURER": "LGE",
  "MODEL": "LG-H870",
  "PRODUCT": "lucye_global_com",
  "DEVICE": "lucye",
  "BRAND": "lge",
  "FINGERPRINT": "lge/lucye_global_com/lucye:7.0/NRD90U/171732341982c:user/release-keys",
  "BUILD_ID": "NRD90U",
  "RELEASE": "7.0",
  "INCREMENTAL": "171732341982c",
  "TYPE": "user",
  "TAGS": "release-keys",
  "FIRST_API_LEVEL": "24"
}
