{
  "COMMENT": "Razer Phone 2 (8.1.0 & 9):Razer:Phone 2=razer/cheryl2/aura:8.1.0/O-MR2-RC009-RZR-181124/2009:user/release-keys__2018-10-05;razer/cheryl2/aura:9/P-SMR7-RC003-RZR-210107/3225:user/release-keys__2021-02-05",
  "MANUFACTURER": "Razer",
  "MODEL": "Phone 2",
  "PRODUCT": "cheryl2",
  "DEVICE": "aura",
  "BRAND": "razer",
  "FINGERPRINT": "razer/cheryl2/aura:8.1.0/O-MR2-RC009-RZR-181124/2009:user/release-keys",
  "SECURITY_PATCH": "2018-10-05",
  "BUILD_ID": "O-MR2-RC009-RZR-181124",
  "RELEASE": "8.1.0",
  "INCREMENTAL": "2009",
  "TYPE": "user",
  "TAGS": "release-keys",
  "FIRST_API_LEVEL": "27"
}
