{
  "COMMENT": "Samsung Galaxy A5 2017 SM-A520F (8.0.0):Samsung:SM-A520F=samsung/a5y17ltexx/a5y17lte:8.0.0/R16NW/A520FXXUGCTI9:user/release-keys__2020-09-01",
  "MANUFACTURER": "Samsung",
  "MODEL": "SM-A520F",
  "PRODUCT": "a5y17ltexx",
  "DEVICE": "a5y17lte",
  "BRAND": "samsung",
  "FINGERPRINT": "samsung/a5y17ltexx/a5y17lte:8.0.0/R16NW/A520FXXUGCTI9:user/release-keys",
  "SECURITY_PATCH": "2020-09-01",
  "BUILD_ID": "R16NW",
  "RELEASE": "8.0.0",
  "INCREMENTAL": "A520FXXUGCTI9",
  "TYPE": "user",
  "TAGS": "release-keys",
  "FIRST_API_LEVEL": "26"
}
