{
  "COMMENT": "Samsung Galaxy A3 2017 SM-A320FL (8.0.0):samsung:SM-A320FL=samsung/a3y17ltexc/a3y17lte:8.0.0/R16NW/A320FLXXU4CSD2:user/release-keys__2019-04-01",
  "MANUFACTURER": "Samsung",
  "MODEL": "SM-A320FL",
  "PRODUCT": "a3y17ltexc",
  "DEVICE": "a3y17lte",
  "BRAND": "samsung",
  "FINGERPRINT": "samsung/a3y17ltexc/a3y17lte:8.0.0/R16NW/A320FLXXU4CSD2:user/release-keys",
  "SECURITY_PATCH": "2019-04-01",
  "BUILD_ID": "R16NW",
  "RELEASE": "8.0.0",
  "INCREMENTAL": "A320FLXXU4CSD2",
  "TYPE": "user",
  "TAGS": "release-keys",
  "FIRST_API_LEVEL": "26"
}
