{
  "COMMENT": "Meizu X8 (8.1.0):Meizu:meizu X8=Meizu/meizu_X8/X8:8.1.0/OPM1.171019.026/1556996821:user/release-keys__2019-04-01",
  "MANUFACTURER": "Meizu",
  "MODEL": "meizu X8",
  "PRODUCT": "meizu_X8",
  "DEVICE": "X8",
  "BRAND": "Meizu",
  "FINGERPRINT": "Meizu/meizu_X8/X8:8.1.0/OPM1.171019.026/1556996821:user/release-keys",
  "SECURITY_PATCH": "2019-04-01",
  "BUILD_ID": "OPM1.171019.026",
  "RELEASE": "8.1.0",
  "INCREMENTAL": "1556996821",
  "TYPE": "user",
  "TAGS": "release-keys",
  "FIRST_API_LEVEL": "27"
}
