{
  "COMMENT": "Huawei Honor 9 STF-L09 (8.0.0 & 9):Huawei:STF-L09=HONOR/STF-L09/HWSTF:8.0.0/HUAWEISTF-L09/364(C432):user/release-keys;HONOR/STF-L09/HWSTF:9/HUAWEISTF-L09/157C432R1:user/release-keys__2019-02-01",
  "MANUFACTURER": "Huawei",
  "MODEL": "STF-L09",
  "PRODUCT": "STF-L09",
  "DEVICE": "HWSTF",
  "BRAND": "HONOR",
  "FINGERPRINT": "HONOR/STF-L09/HWSTF:9/HUAWEISTF-L09/157C432R1:user/release-keys",
  "SECURITY_PATCH": "2019-02-01",
  "BUILD_ID": "HUAWEISTF-L09",
  "RELEASE": "9",
  "INCREMENTAL": "157C432R1",
  "TYPE": "user",
  "TAGS": "release-keys",
  "FIRST_API_LEVEL": "26"
}
