{
  "COMMENT": "Redmi K30 Pro Zoom Edition China (10):Redmi:Redmi K30 Pro Zoom Edition=Redmi/lmipro/lmipro:10/QKQ1.191117.002/V11.0.16.0.QJKCNXM:user/release-keys__2020-04-01",
  "MANUFACTURER": "Redmi",
  "MODEL": "Redmi K30 Pro Zoom Edition",
  "PRODUCT": "lmipro",
  "DEVICE": "lmipro",
  "BRAND": "Redmi",
  "FINGERPRINT": "Redmi/lmipro/lmipro:10/QKQ1.191117.002/V11.0.16.0.QJKCNXM:user/release-keys",
  "SECURITY_PATCH": "2020-04-01",
  "BUILD_ID": "QKQ1.191117.002",
  "RELEASE": "10",
  "INCREMENTAL": "V11.0.16.0.QJKCNXM",
  "TYPE": "user",
  "TAGS": "release-keys",
  "FIRST_API_LEVEL": "29"
}
