{
  "COMMENT": "OnePlus 7 Pro Europe GM1913 (9 & 10 & 11):OnePlus:GM1913=OnePlus/OnePlus7Pro_EEA/OnePlus7Pro:9/PKQ1.190110.001/1907281556:user/release-keys__2019-08-01;OnePlus/OnePlus7Pro_EEA/OnePlus7Pro:10/QKQ1.190716.003/2101272339:user/release-keys__2021-01-01;OnePlus/OnePlus7Pro_EEA/OnePlus7Pro:11/RKQ1.201022.002/2110211502:user/release-keys__2021-10-01",
  "MANUFACTURER": "Oneplus",
  "MODEL": "GM1913",
  "PRODUCT": "OnePlus7Pro_EEA",
  "DEVICE": "OnePlus7Pro",
  "BRAND": "OnePlus",
  "FINGERPRINT": "OnePlus/OnePlus7Pro_EEA/OnePlus7Pro:11/RKQ1.201022.002/2110211502:user/release-keys",
  "SECURITY_PATCH": "2021-10-01",
  "BUILD_ID": "RKQ1.201022.002",
  "RELEASE": "11",
  "INCREMENTAL": "2110211502",
  "TYPE": "user",
  "TAGS": "release-keys",
  "FIRST_API_LEVEL": "28"
}
