{
  "COMMENT": "OnePlus Nord CE India EB2101 (11):OnePlus:EB2101=OnePlus/OnePlusNordCE_IND/OnePlusNordCE:11/RKQ1.201217.002/2109152230:user/release-keys__2021-09-01",
  "MANUFACTURER": "Oneplus",
  "MODEL": "EB2101",
  "PRODUCT": "OnePlusNordCE_IND",
  "DEVICE": "OnePlusNordCE",
  "BRAND": "OnePlus",
  "FINGERPRINT": "OnePlus/OnePlusNordCE_IND/OnePlusNordCE:11/RKQ1.201217.002/2109152230:user/release-keys",
  "SECURITY_PATCH": "2021-09-01",
  "BUILD_ID": "RKQ1.201217.002",
  "RELEASE": "11",
  "INCREMENTAL": "2109152230",
  "TYPE": "user",
  "TAGS": "release-keys",
  "FIRST_API_LEVEL": "30"
}
