{
  "COMMENT": "Google Nexus Player (5.0 & 5.1 & 5.1.1 & 6.0.1 & 7.0 & 7.1.1 & 7.1.2 & 8.0.0):Asus:Nexus Player=google/fugu/fugu:5.0/LRX21V/1586762:user/release-keys;google/fugu/fugu:5.1/LMY47D/1743759:user/release-keys;google/fugu/fugu:5.1.1/LMY48N/2167335:user/release-keys;google/fugu/fugu:6.0.1/MOB30W/3031100:user/release-keys;google/fugu/fugu:7.0/NRD91N/3318108:user/release-keys;google/fugu/fugu:7.1.1/NMF27D/3783773:user/release-keys;google/fugu/fugu:7.1.2/N2G48C/4104010:user/release-keys;google/fugu/fugu:8.0.0/OPR2.170623.027/4397545:user/release-keys",
  "MANUFACTURER": "Asus",
  "MODEL": "Nexus Player",
  "PRODUCT": "fugu",
  "DEVICE": "fugu",
  "BRAND": "google",
  "FINGERPRINT": "google/fugu/fugu:6.0.1/MOB30W/3031100:user/release-keys",
  "BUILD_ID": "MOB30W",
  "RELEASE": "6.0.1",
  "INCREMENTAL": "3031100",
  "TYPE": "user",
  "TAGS": "release-keys",
  "FIRST_API_LEVEL": "21"
}
