{
  "COMMENT": "POCO X3 Pro Global (11):POCO:M2102J20SG=POCO/vayu_global/vayu:11/RKQ1.200826.002/V12.0.4.0.RJUMIXM:user/release-keys__2021-03-01",
  "MANUFACTURER": "POCO",
  "MODEL": "M2102J20SG",
  "PRODUCT": "vayu_global",
  "DEVICE": "vayu",
  "BRAND": "POCO",
  "FINGERPRINT": "POCO/vayu_global/vayu:11/RKQ1.200826.002/V12.0.4.0.RJUMIXM:user/release-keys",
  "SECURITY_PATCH": "2021-03-01",
  "BUILD_ID": "RKQ1.200826.002",
  "RELEASE": "11",
  "INCREMENTAL": "V12.0.4.0.RJUMIXM",
  "TYPE": "user",
  "TAGS": "release-keys",
  "FIRST_API_LEVEL": "30"
}
