{
  "COMMENT": "LG G8 ThinQ LM G850l (11):LGE:LM-G850l=lge/mh2lm/mh2lm:11/RKQ1.210420.001/211980139c7f7:user/release-keys__2021-07-01",
  "MANUFACTURER": "LGE",
  "MODEL": "LM-G850l",
  "PRODUCT": "mh2lm",
  "DEVICE": "mh2lm",
  "BRAND": "lge",
  "FINGERPRINT": "lge/mh2lm/mh2lm:11/RKQ1.210420.001/211980139c7f7:user/release-keys",
  "SECURITY_PATCH": "2021-07-01",
  "BUILD_ID": "RKQ1.210420.001",
  "RELEASE": "11",
  "INCREMENTAL": "211980139c7f7",
  "TYPE": "user",
  "TAGS": "release-keys",
  "FIRST_API_LEVEL": "30"
}
