{
  "COMMENT": "Samsung Galaxy A6 Plus SM-A605G (9):Samsung:SM-A605G=samsung/a6pltedx/a6plte:9/PPR1.180610.011/A605GDXU3BSC6:user/release-keys__2019-03-01",
  "MANUFACTURER": "Samsung",
  "MODEL": "SM-A605G",
  "PRODUCT": "a6pltedx",
  "DEVICE": "a6plte",
  "BRAND": "samsung",
  "FINGERPRINT": "samsung/a6pltedx/a6plte:9/PPR1.180610.011/A605GDXU3BSC6:user/release-keys",
  "SECURITY_PATCH": "2019-03-01",
  "BUILD_ID": "PPR1.180610.011",
  "RELEASE": "9",
  "INCREMENTAL": "A605GDXU3BSC6",
  "TYPE": "user",
  "TAGS": "release-keys",
  "FIRST_API_LEVEL": "28"
}
