{
  "COMMENT": "POCO X3 NFC Global (10 & 11):POCO:M2007J20CG=POCO/surya_global/surya:10/QKQ1.200512.002/V12.0.7.0.QJGMIXM:user/release-keys__2020-11-01;POCO/surya_global/surya:11/RKQ1.200826.002/V12.5.1.0.RJGMIXM:user/release-keys__2021-07-01",
  "MANUFACTURER": "POCO",
  "MODEL": "M2007J20CG",
  "PRODUCT": "surya_global",
  "DEVICE": "surya",
  "BRAND": "POCO",
  "FINGERPRINT": "POCO/surya_global/surya:11/RKQ1.200826.002/V12.5.1.0.RJGMIXM:user/release-keys",
  "SECURITY_PATCH": "2021-07-01",
  "BUILD_ID": "RKQ1.200826.002",
  "RELEASE": "11",
  "INCREMENTAL": "V12.5.1.0.RJGMIXM",
  "TYPE": "user",
  "TAGS": "release-keys",
  "FIRST_API_LEVEL": "29"
}
