{
  "COMMENT": "Samsung Galaxy A50 SM-A505F (9):Samsung:SM-A505F=samsung/a50dd/a50:9/PPR1.180610.011/A505FDDU1ASD6:user/release-keys__2019-04-01",
  "MANUFACTURER": "Samsung",
  "MODEL": "SM-A505F",
  "PRODUCT": "a50dd",
  "DEVICE": "a50",
  "BRAND": "samsung",
  "FINGERPRINT": "samsung/a50dd/a50:9/PPR1.180610.011/A505FDDU1ASD6:user/release-keys",
  "SECURITY_PATCH": "2019-04-01",
  "BUILD_ID": "PPR1.180610.011",
  "RELEASE": "9",
  "INCREMENTAL": "A505FDDU1ASD6",
  "TYPE": "user",
  "TAGS": "release-keys",
  "FIRST_API_LEVEL": "28"
}
