{
  "COMMENT": "POCO F2 Pro Global (10 & 11):POCO:POCO F2 Pro=POCO/lmi_global/lmi:10/QKQ1.191117.002/V12.0.4.0.QJKMIXM:user/release-keys__2020-09-01;POCO/lmi_global/lmi:11/RKQ1.200826.002/V12.5.1.0.RJKMIXM:user/release-keys__2021-06-01",
  "MANUFACTURER": "POCO",
  "MODEL": "POCO F2 Pro",
  "PRODUCT": "lmi_global",
  "DEVICE": "lmi",
  "BRAND": "POCO",
  "FINGERPRINT": "POCO/lmi_global/lmi:11/RKQ1.200826.002/V12.5.1.0.RJKMIXM:user/release-keys",
  "SECURITY_PATCH": "2021-06-01",
  "BUILD_ID": "RKQ1.200826.002",
  "RELEASE": "11",
  "INCREMENTAL": "V12.5.1.0.RJKMIXM",
  "TYPE": "user",
  "TAGS": "release-keys",
  "FIRST_API_LEVEL": "29"
}
