{
  "COMMENT": "HTC U12 Plus (8.0.0 & 9):HTC:HTC U12+=htc/imeuhl_00617/htc_imeuhl:8.0.0/OPR1.170623.032/1041457.3:user/release-keys__2018-06-01;htc/imeuhl_00617/htc_imeuhl:9/PQ2A.190205.003/1087121.1:user/release-keys__2019-07-01",
  "MANUFACTURER": "HTC",
  "MODEL": "HTC U12+",
  "PRODUCT": "imeuhl_00617",
  "DEVICE": "htc_imeuhl",
  "BRAND": "htc",
  "FINGERPRINT": "htc/imeuhl_00617/htc_imeuhl:9/PQ2A.190205.003/1087121.1:user/release-keys",
  "SECURITY_PATCH": "2019-07-01",
  "BUILD_ID": "PQ2A.190205.003",
  "RELEASE": "9",
  "INCREMENTAL": "1087121.1",
  "TYPE": "user",
  "TAGS": "release-keys",
  "FIRST_API_LEVEL": "26"
}
