{
  "COMMENT": "Samsung Galaxy A01 Core (10):Samsung:SM-A013G=samsung/a01corextc/a01core:10/QP1A.190711.020/A013GXXU1ATGE:user/release-keys__2020-07-01",
  "MANUFACTURER": "Samsung",
  "MODEL": "SM-A013G",
  "PRODUCT": "a01corextc",
  "DEVICE": "a01core",
  "BRAND": "samsung",
  "FINGERPRINT": "samsung/a01corextc/a01core:10/QP1A.190711.020/A013GXXU1ATGE:user/release-keys",
  "SECURITY_PATCH": "2020-07-01",
  "BUILD_ID": "QP1A.190711.020",
  "RELEASE": "10",
  "INCREMENTAL": "A013GXXU1ATGE",
  "TYPE": "user",
  "TAGS": "release-keys",
  "FIRST_API_LEVEL": "29"
}
