{
  "COMMENT": "Samsung Galaxy J3 SM-J320FN (5.1.1):Samsung:SM-J320FN=samsung/j3xnltexx/j3xnlte:5.1.1/LMY47V/J320FNXXU0ARB1:user/release-keys",
  "MANUFACTURER": "Samsung",
  "MODEL": "SM-J320FN",
  "PRODUCT": "j3xnltexx",
  "DEVICE": "j3xnlte",
  "BRAND": "samsung",
  "FINGERPRINT": "samsung/j3xnltexx/j3xnlte:5.1.1/LMY47V/J320FNXXU0ARB1:user/release-keys",
  "BUILD_ID": "LMY47V",
  "RELEASE": "5.1.1",
  "INCREMENTAL": "J320FNXXU0ARB1",
  "TYPE": "user",
  "TAGS": "release-keys",
  "FIRST_API_LEVEL": "22"
}
