{
  "COMMENT": "Samsung Galaxy A90 5G SM-A908B (9):samsung:SM-A908B=samsung/r3qxx/r3q:9/PPR1.180610.011/A908BXXU2ASK5:user/release-keys__2019-11-01",
  "MANUFACTURER": "Samsung",
  "MODEL": "SM-A908B",
  "PRODUCT": "r3qxx",
  "DEVICE": "r3q",
  "BRAND": "samsung",
  "FINGERPRINT": "samsung/r3qxx/r3q:9/PPR1.180610.011/A908BXXU2ASK5:user/release-keys",
  "SECURITY_PATCH": "2019-11-01",
  "BUILD_ID": "PPR1.180610.011",
  "RELEASE": "9",
  "INCREMENTAL": "A908BXXU2ASK5",
  "TYPE": "user",
  "TAGS": "release-keys",
  "FIRST_API_LEVEL": "28"
}
