{
  "COMMENT": "Samsung Galaxy A3 2016 SM-A310F (7.0):samsung:SM-A310F=samsung/a3xeltexx/a3xelte:7.0/NRD90M/A310FXXU4CSB2:user/release-keys__2019-02-01",
  "MANUFACTURER": "Samsung",
  "MODEL": "SM-A310F",
  "PRODUCT": "a3xeltexx",
  "DEVICE": "a3xelte",
  "BRAND": "samsung",
  "FINGERPRINT": "samsung/a3xeltexx/a3xelte:7.0/NRD90M/A310FXXU4CSB2:user/release-keys",
  "SECURITY_PATCH": "2019-02-01",
  "BUILD_ID": "NRD90M",
  "RELEASE": "7.0",
  "INCREMENTAL": "A310FXXU4CSB2",
  "TYPE": "user",
  "TAGS": "release-keys",
  "FIRST_API_LEVEL": "24"
}
