{
  "COMMENT": "OnePlus 8 China IN2010 (10 & 11):OnePlus:IN2010=OnePlus/OnePlus8_CH/OnePlus8:10/QKQ1.191222.002/2006300106:user/release-keys__2020-06-01;OnePlus/OnePlus8_CH/OnePlus8:11/RP1A.201005.001/2108261432:user/release-keys__2021-08-01",
  "MANUFACTURER": "Oneplus",
  "MODEL": "IN2010",
  "PRODUCT": "OnePlus8_CH",
  "DEVICE": "OnePlus8",
  "BRAND": "OnePlus",
  "FINGERPRINT": "OnePlus/OnePlus8_CH/OnePlus8:10/QKQ1.191222.002/2006300106:user/release-keys",
  "SECURITY_PATCH": "2020-06-01",
  "BUILD_ID": "QKQ1.191222.002",
  "RELEASE": "10",
  "INCREMENTAL": "2006300106",
  "TYPE": "user",
  "TAGS": "release-keys",
  "FIRST_API_LEVEL": "29"
}
