{
  "COMMENT": "OnePlus 7T T-Mobile HD1907 (11):OnePlus:HD1907=OnePlus/OnePlus7TTMO/OnePlus7TTMO:11/RKQ1.201022.002/2108021431:user/release-keys__2021-08-01",
  "MANUFACTURER": "Oneplus",
  "MODEL": "HD1907",
  "PRODUCT": "OnePlus7TTMO",
  "DEVICE": "OnePlus7TTMO",
  "BRAND": "OnePlus",
  "FINGERPRINT": "OnePlus/OnePlus7TTMO/OnePlus7TTMO:11/RKQ1.201022.002/2108021431:user/release-keys",
  "SECURITY_PATCH": "2021-08-01",
  "BUILD_ID": "RKQ1.201022.002",
  "RELEASE": "11",
  "INCREMENTAL": "2108021431",
  "TYPE": "user",
  "TAGS": "release-keys",
  "FIRST_API_LEVEL": "30"
}
