{
  "COMMENT": "Motorola Moto G7 XT1962-5 (10):Motorola:moto g(7)=motorola/river_retru_n/river_n:10/QPUS30.52-16-2-5/58144:user/release-keys__2020-08-01",
  "MANUFACTURER": "Motorola",
  "MODEL": "moto g(7)",
  "PRODUCT": "river_retru_n",
  "DEVICE": "river_n",
  "BRAND": "motorola",
  "FINGERPRINT": "motorola/river_retru_n/river_n:10/QPUS30.52-16-2-5/58144:user/release-keys",
  "SECURITY_PATCH": "2020-08-01",
  "BUILD_ID": "QPUS30.52-16-2-5",
  "RELEASE": "10",
  "INCREMENTAL": "58144",
  "TYPE": "user",
  "TAGS": "release-keys",
  "FIRST_API_LEVEL": "29"
}
