{
  "COMMENT": "Huawei P20 Lite (9):Huawei:ANE-LX1=HUAWEI/ANE-LX1/HWANE:9/HUAWEIANE-L01/9.1.0.368C432:user/release-keys__2020-08-01",
  "MANUFACTURER": "Huawei",
  "MODEL": "ANE-LX1",
  "PRODUCT": "ANE-LX1",
  "DEVICE": "HWANE",
  "BRAND": "HUAWEI",
  "FINGERPRINT": "HUAWEI/ANE-LX1/HWANE:9/HUAWEIANE-L01/9.1.0.368C432:user/release-keys",
  "SECURITY_PATCH": "2020-08-01",
  "BUILD_ID": "HUAWEIANE-L01",
  "RELEASE": "9",
  "INCREMENTAL": "9.1.0.368C432",
  "TYPE": "user",
  "TAGS": "release-keys",
  "FIRST_API_LEVEL": "28"
}
