{
  "COMMENT": "Samsung Galaxy J5 2015 SM-J500FN (6.0.1):Samsung:SM-J500FN=samsung/j5nltexx/j5nlte:6.0.1/MMB29M/J500FNXXS1BQG1:user/release-keys",
  "MANUFACTURER": "Samsung",
  "MODEL": "SM-J500FN",
  "PRODUCT": "j5nltexx",
  "DEVICE": "j5nlte",
  "BRAND": "samsung",
  "FINGERPRINT": "samsung/j5nltexx/j5nlte:6.0.1/MMB29M/J500FNXXS1BQG1:user/release-keys",
  "BUILD_ID": "MMB29M",
  "RELEASE": "6.0.1",
  "INCREMENTAL": "J500FNXXS1BQG1",
  "TYPE": "user",
  "TAGS": "release-keys",
  "FIRST_API_LEVEL": "23"
}
