{
  "COMMENT": "Huawei Mate 20 Pro LYA-L29 (9):Huawei:LYA-L29=HUAWEI/LYA-L29/HWLYA:9/HUAWEILYA-L29/358C432:user/release-keys__2019-11-01",
  "MANUFACTURER": "Huawei",
  "MODEL": "LYA-L29",
  "PRODUCT": "LYA-L29",
  "DEVICE": "HWLYA",
  "BRAND": "HUAWEI",
  "FINGERPRINT": "HUAWEI/LYA-L29/HWLYA:9/HUAWEILYA-L29/358C432:user/release-keys",
  "SECURITY_PATCH": "2019-11-01",
  "BUILD_ID": "HUAWEILYA-L29",
  "RELEASE": "9",
  "INCREMENTAL": "358C432",
  "TYPE": "user",
  "TAGS": "release-keys",
  "FIRST_API_LEVEL": "28"
}
