{
  "COMMENT": "LG V20 LS997 (8.0.0):LGE:LG-LS997=lge/elsa_spr_us/elsa:8.0.0/OPR1.170623.032/1819814314eb7:user/release-keys__2018-07-01",
  "MANUFACTURER": "LGE",
  "MODEL": "LG-LS997",
  "PRODUCT": "elsa_spr_us",
  "DEVICE": "elsa",
  "BRAND": "lge",
  "FINGERPRINT": "lge/elsa_spr_us/elsa:8.0.0/OPR1.170623.032/1819814314eb7:user/release-keys",
  "SECURITY_PATCH": "2018-07-01",
  "BUILD_ID": "OPR1.170623.032",
  "RELEASE": "8.0.0",
  "INCREMENTAL": "1819814314eb7",
  "TYPE": "user",
  "TAGS": "release-keys",
  "FIRST_API_LEVEL": "26"
}
