{
  "COMMENT": "OnePlus 7T Europe HD1903 (10 & 11):OnePlus:HD1903=OnePlus/OnePlus7T_EEA/OnePlus7T:10/QKQ1.190716.003/2101282100:user/release-keys__2021-01-01;OnePlus/OnePlus7T_EEA/OnePlus7T:11/RKQ1.201022.002/2110211505:user/release-keys__2021-10-01",
  "MANUFACTURER": "Oneplus",
  "MODEL": "HD1903",
  "PRODUCT": "OnePlus7T_EEA",
  "DEVICE": "OnePlus7T",
  "BRAND": "OnePlus",
  "FINGERPRINT": "OnePlus/OnePlus7T_EEA/OnePlus7T:11/RKQ1.201022.002/2110211505:user/release-keys",
  "SECURITY_PATCH": "2021-10-01",
  "BUILD_ID": "RKQ1.201022.002",
  "RELEASE": "11",
  "INCREMENTAL": "2110211505",
  "TYPE": "user",
  "TAGS": "release-keys",
  "FIRST_API_LEVEL": "29"
}
