{
  "COMMENT": "Samsung Galaxy A71 SM-A715F (10):samsung:SM-A715F=samsung/a71naxx/a71:10/QP1A.190711.020/A715FXXU3ATK1:user/release-keys__2020-11-01",
  "MANUFACTURER": "Samsung",
  "MODEL": "SM-A715F",
  "PRODUCT": "a71naxx",
  "DEVICE": "a71",
  "BRAND": "samsung",
  "FINGERPRINT": "samsung/a71naxx/a71:10/QP1A.190711.020/A715FXXU3ATK1:user/release-keys",
  "SECURITY_PATCH": "2020-11-01",
  "BUILD_ID": "QP1A.190711.020",
  "RELEASE": "10",
  "INCREMENTAL": "A715FXXU3ATK1",
  "TYPE": "user",
  "TAGS": "release-keys",
  "FIRST_API_LEVEL": "29"
}
