{
  "COMMENT": "OnePlus 8T China KB2000 (11):OnePlus:KB2000=OnePlus/OnePlus8T_CH/OnePlus8T:11/RP1A.201005.001/2108261338:user/release-keys__2021-08-01",
  "MANUFACTURER": "Oneplus",
  "MODEL": "KB2000",
  "PRODUCT": "OnePlus8T_CH",
  "DEVICE": "OnePlus8T",
  "BRAND": "OnePlus",
  "FINGERPRINT": "OnePlus/OnePlus8T_CH/OnePlus8T:11/RP1A.201005.001/2108261338:user/release-keys",
  "SECURITY_PATCH": "2021-08-01",
  "BUILD_ID": "RP1A.201005.001",
  "RELEASE": "11",
  "INCREMENTAL": "2108261338",
  "TYPE": "user",
  "TAGS": "release-keys",
  "FIRST_API_LEVEL": "30"
}
