{
  "COMMENT": "Samsung Galaxy J5 Prime SM-G570F (7.0):Samsung:SM-G570F=samsung/on5xeltejv/on5xelte:7.0/NRD90M/G570FXXU1BQI6:user/release-keys",
  "MANUFACTURER": "Samsung",
  "MODEL": "SM-G570F",
  "PRODUCT": "on5xeltejv",
  "DEVICE": "on5xelte",
  "BRAND": "samsung",
  "FINGERPRINT": "samsung/on5xeltejv/on5xelte:7.0/NRD90M/G570FXXU1BQI6:user/release-keys",
  "BUILD_ID": "NRD90M",
  "RELEASE": "7.0",
  "INCREMENTAL": "G570FXXU1BQI6",
  "TYPE": "user",
  "TAGS": "release-keys",
  "FIRST_API_LEVEL": "24"
}
