{
  "COMMENT": "OnePlus 7 GM1905 (9 & 10 & 11):OnePlus:GM1905=OnePlus/OnePlus7/OnePlus7:9/PKQ1.190110.001/1907280700:user/release-keys__2019-08-01;OnePlus/OnePlus7/OnePlus7:10/QKQ1.190716.003/2101212213:user/release-keys__2021-01-01;OnePlus/OnePlus7/OnePlus7:11/RKQ1.201022.002/2110211505:user/release-keys__2021-10-01",
  "MANUFACTURER": "Oneplus",
  "MODEL": "GM1905",
  "PRODUCT": "OnePlus7",
  "DEVICE": "OnePlus7",
  "BRAND": "OnePlus",
  "FINGERPRINT": "OnePlus/OnePlus7/OnePlus7:11/RKQ1.201022.002/2110211505:user/release-keys",
  "SECURITY_PATCH": "2021-10-01",
  "BUILD_ID": "RKQ1.201022.002",
  "RELEASE": "11",
  "INCREMENTAL": "2110211505",
  "TYPE": "user",
  "TAGS": "release-keys",
  "FIRST_API_LEVEL": "28"
}
