{
  "COMMENT": "Samsung Galaxy A51 SM-A515F (10):Samsung:SM-A515F=samsung/a51nsxx/a51:10/QP1A.190711.020/A515FXXU1ASKJ:user/release-keys__2019-12-01",
  "MANUFACTURER": "Samsung",
  "MODEL": "SM-A515F",
  "PRODUCT": "a51nsxx",
  "DEVICE": "a51",
  "BRAND": "samsung",
  "FINGERPRINT": "samsung/a51nsxx/a51:10/QP1A.190711.020/A515FXXU1ASKJ:user/release-keys",
  "SECURITY_PATCH": "2019-12-01",
  "BUILD_ID": "QP1A.190711.020",
  "RELEASE": "10",
  "INCREMENTAL": "A515FXXU1ASKJ",
  "TYPE": "user",
  "TAGS": "release-keys",
  "FIRST_API_LEVEL": "29"
}
