{
  "COMMENT": "Motorola Moto G6 (9):Motorola:moto g(6)=motorola/ali/ali:9/PPSS29.55-37-7-6/16c5a7:user/release-keys__2020-02-01",
  "MANUFACTURER": "Motorola",
  "MODEL": "moto g(6)",
  "PRODUCT": "ali",
  "DEVICE": "ali",
  "BRAND": "motorola",
  "FINGERPRINT": "motorola/ali/ali:9/PPSS29.55-37-7-6/16c5a7:user/release-keys",
  "SECURITY_PATCH": "2020-02-01",
  "BUILD_ID": "PPSS29.55-37-7-6",
  "RELEASE": "9",
  "INCREMENTAL": "16c5a7",
  "TYPE": "user",
  "TAGS": "release-keys",
  "FIRST_API_LEVEL": "28"
}
