{
  "COMMENT": "OnePlus N100 Metro BE2015 (10 & 11):OnePlus:BE2015=OnePlus/OnePlusN100METRO/OnePlusN100METRO:10/QKQ1.200719.002/2012212113:user/release-keys__2020-12-05;OnePlus/OnePlusN100METRO/OnePlusN100METRO:11/RKQ1.201217.002/2108131649:user/release-keys__2021-08-01",
  "MANUFACTURER": "Oneplus",
  "MODEL": "BE2015",
  "PRODUCT": "OnePlusN100METRO",
  "DEVICE": "OnePlusN100METRO",
  "BRAND": "OnePlus",
  "FINGERPRINT": "OnePlus/OnePlusN100METRO/OnePlusN100METRO:11/RKQ1.201217.002/2108131649:user/release-keys",
  "SECURITY_PATCH": "2021-08-01",
  "BUILD_ID": "RKQ1.201217.002",
  "RELEASE": "11",
  "INCREMENTAL": "2108131649",
  "TYPE": "user",
  "TAGS": "release-keys",
  "FIRST_API_LEVEL": "29"
}
