{
  "COMMENT": "Fxtec Pro 1 (9):Fxtec:QX1000=Fxtec/QX1000_EEA/QX1000:9/PKQ1.190723.001/05500.20Q202:user/release-keys__2020-04-05",
  "MANUFACTURER": "Fxtec",
  "MODEL": "QX1000",
  "PRODUCT": "QX1000_EEA",
  "DEVICE": "QX1000",
  "BRAND": "Fxtec",
  "FINGERPRINT": "Fxtec/QX1000_EEA/QX1000:9/PKQ1.190723.001/05500.20Q202:user/release-keys",
  "SECURITY_PATCH": "2020-04-05",
  "BUILD_ID": "PKQ1.190723.001",
  "RELEASE": "9",
  "INCREMENTAL": "05500.20Q202",
  "TYPE": "user",
  "TAGS": "release-keys",
  "FIRST_API_LEVEL": "28"
}
