{
  "COMMENT": "Huawei Honor 6X BLN-AL10 (8.0.0):Huawei:BLN-AL10=HONOR/BLN-AL10/HWBLN-H:8.0.0/HONORBLN-AL10/528(C00):user/release-keys",
  "MANUFACTURER": "Huawei",
  "MODEL": "BLN-AL10",
  "PRODUCT": "BLN-AL10",
  "DEVICE": "HWBLN-H",
  "BRAND": "HONOR",
  "FINGERPRINT": "HONOR/BLN-AL10/HWBLN-H:8.0.0/HONORBLN-AL10/528(C00):user/release-keys",
  "BUILD_ID": "HONORBLN-AL10",
  "RELEASE": "8.0.0",
  "INCREMENTAL": "528(C00)",
  "TYPE": "user",
  "TAGS": "release-keys",
  "FIRST_API_LEVEL": "26"
}
