{
  "COMMENT": "Huawei Mate 10 ALP-L29 (8.0.0):Huawei:ALP-L29=HUAWEI/ALP-L29/HWALP:8.0.0/HUAWEIALP-L29S/143(C636):user/release-keys__2018-10-01",
  "MANUFACTURER": "Huawei",
  "MODEL": "ALP-L29",
  "PRODUCT": "ALP-L29",
  "DEVICE": "HWALP",
  "BRAND": "HUAWEI",
  "FINGERPRINT": "HUAWEI/ALP-L29/HWALP:8.0.0/HUAWEIALP-L29S/143(C636):user/release-keys",
  "SECURITY_PATCH": "2018-10-01",
  "BUILD_ID": "HUAWEIALP-L29S",
  "RELEASE": "8.0.0",
  "INCREMENTAL": "143(C636)",
  "TYPE": "user",
  "TAGS": "release-keys",
  "FIRST_API_LEVEL": "26"
}
