{
  "COMMENT": "HTC Exodus 1 (9):HTC:EXODUS 1=htc/exouhl_00617/htc_exouhl:9/PQ2A.190205.003/1109191.2:user/release-keys__2020-03-01",
  "MANUFACTURER": "HTC",
  "MODEL": "EXODUS 1",
  "PRODUCT": "exouhl_00617",
  "DEVICE": "htc_exouhl",
  "BRAND": "htc",
  "FINGERPRINT": "htc/exouhl_00617/htc_exouhl:9/PQ2A.190205.003/1109191.2:user/release-keys",
  "SECURITY_PATCH": "2020-03-01",
  "BUILD_ID": "PQ2A.190205.003",
  "RELEASE": "9",
  "INCREMENTAL": "1109191.2",
  "TYPE": "user",
  "TAGS": "release-keys",
  "FIRST_API_LEVEL": "28"
}
