{
  "COMMENT": "OnePlus N10 5G T-Mobile BE2028 (10 & 11):OnePlus:BE2028=OnePlus/OnePlusN10TMO/OnePlusN10TMO:10/QKQ1.200830.002/2012181933:user/release-keys__2020-12-05;OnePlus/OnePlusN10TMO/OnePlusN10TMO:11/RKQ1.201217.002/2110121436:user/release-keys__2021-10-01",
  "MANUFACTURER": "Oneplus",
  "MODEL": "BE2028",
  "PRODUCT": "OnePlusN10TMO",
  "DEVICE": "OnePlusN10TMO",
  "BRAND": "OnePlus",
  "FINGERPRINT": "OnePlus/OnePlusN10TMO/OnePlusN10TMO:10/QKQ1.200830.002/2012181933:user/release-keys",
  "SECURITY_PATCH": "2020-12-05",
  "BUILD_ID": "QKQ1.200830.002",
  "RELEASE": "10",
  "INCREMENTAL": "2012181933",
  "TYPE": "user",
  "TAGS": "release-keys",
  "FIRST_API_LEVEL": "29"
}
