{
  "COMMENT": "OnePlus 7 Pro GM1917 (9 & 10 & 11):OnePlus:GM1917=OnePlus/OnePlus7Pro/OnePlus7Pro:9/PKQ1.190110.001/1907281556:user/release-keys__2019-08-01;OnePlus/OnePlus7Pro/OnePlus7Pro:10/QKQ1.190716.003/2101212056:user/release-keys__2021-01-01;OnePlus/OnePlus7Pro/OnePlus7Pro:11/RKQ1.201022.002/2110211503:user/release-keys__2021-10-01",
  "MANUFACTURER": "Oneplus",
  "MODEL": "GM1917",
  "PRODUCT": "OnePlus7Pro",
  "DEVICE": "OnePlus7Pro",
  "BRAND": "OnePlus",
  "FINGERPRINT": "OnePlus/OnePlus7Pro/OnePlus7Pro:10/QKQ1.190716.003/2101212056:user/release-keys",
  "SECURITY_PATCH": "2021-01-01",
  "BUILD_ID": "QKQ1.190716.003",
  "RELEASE": "10",
  "INCREMENTAL": "2101212056",
  "TYPE": "user",
  "TAGS": "release-keys",
  "FIRST_API_LEVEL": "28"
}
