{
  "COMMENT": "Redmi Note 9 Pro Max India (10):Redmi:Redmi Note 9 Pro Max=Redmi/excalibur_in/excalibur:10/QKQ1.191215.002/V12.0.3.0.QJXINXM:user/release-keys__2021-02-01",
  "MANUFACTURER": "Redmi",
  "MODEL": "Redmi Note 9 Pro Max",
  "PRODUCT": "excalibur_in",
  "DEVICE": "excalibur",
  "BRAND": "Redmi",
  "FINGERPRINT": "Redmi/excalibur_in/excalibur:10/QKQ1.191215.002/V12.0.3.0.QJXINXM:user/release-keys",
  "SECURITY_PATCH": "2021-02-01",
  "BUILD_ID": "QKQ1.191215.002",
  "RELEASE": "10",
  "INCREMENTAL": "V12.0.3.0.QJXINXM",
  "TYPE": "user",
  "TAGS": "release-keys",
  "FIRST_API_LEVEL": "29"
}
