{
  "COMMENT": "OnePlus 7 China GM1900 (10 & 11):OnePlus:GM1900=OnePlus/OnePlus7_CH/OnePlus7:10/QKQ1.190716.003/2005132200:user/release-keys__2020-05-01;OnePlus/OnePlus7_CH/OnePlus7:11/RKQ1.201022.002/2108161921:user/release-keys__2021-08-01",
  "MANUFACTURER": "Oneplus",
  "MODEL": "GM1900",
  "PRODUCT": "OnePlus7_CH",
  "DEVICE": "OnePlus7",
  "BRAND": "OnePlus",
  "FINGERPRINT": "OnePlus/OnePlus7_CH/OnePlus7:10/QKQ1.190716.003/2005132200:user/release-keys",
  "SECURITY_PATCH": "2020-05-01",
  "BUILD_ID": "QKQ1.190716.003",
  "RELEASE": "10",
  "INCREMENTAL": "2005132200",
  "TYPE": "user",
  "TAGS": "release-keys",
  "FIRST_API_LEVEL": "29"
}
