{
  "COMMENT": "OnePlus 9 Pro TMO LE2127 (11):OnePlus:LE2127=OnePlus/OnePlus9ProTMO/OnePlus9ProTMO:11/RKQ1.201105.002/2104091024:user/release-keys__2021-04-01",
  "MANUFACTURER": "Oneplus",
  "MODEL": "LE2127",
  "PRODUCT": "OnePlus9ProTMO",
  "DEVICE": "OnePlus9ProTMO",
  "BRAND": "OnePlus",
  "FINGERPRINT": "OnePlus/OnePlus9ProTMO/OnePlus9ProTMO:11/RKQ1.201105.002/2104091024:user/release-keys",
  "SECURITY_PATCH": "2021-04-01",
  "BUILD_ID": "RKQ1.201105.002",
  "RELEASE": "11",
  "INCREMENTAL": "2104091024",
  "TYPE": "user",
  "TAGS": "release-keys",
  "FIRST_API_LEVEL": "30"
}
