{
  "COMMENT": "Google Pixel C (6.0.1 & 7.0 & 7.1.1 & 7.1.2 & 8.0.0 & 8.1.0):Google:Pixel C=google/ryu/dragon:6.0.1/MXC89L/3084571:user/release-keys;google/ryu/dragon:7.0/NRD91N/3318108:user/release-keys;google/ryu/dragon:7.1.1/N4F26T/3687331:user/release-keys;google/ryu/dragon:7.1.2/N2G48C/4104010:user/release-keys;google/ryu/dragon:8.0.0/OPR1.170623.032/4397478:user/release-keys;google/ryu/dragon:8.1.0/OPM8.190605.005/5749003:user/release-keys__2019-06-05",
  "MANUFACTURER": "Google",
  "MODEL": "Pixel C",
  "PRODUCT": "ryu",
  "DEVICE": "dragon",
  "BRAND": "google",
  "FINGERPRINT": "google/ryu/dragon:8.1.0/OPM8.190605.005/5749003:user/release-keys",
  "SECURITY_PATCH": "2019-06-05",
  "BUILD_ID": "OPM8.190605.005",
  "RELEASE": "8.1.0",
  "INCREMENTAL": "5749003",
  "TYPE": "user",
  "TAGS": "release-keys",
  "FIRST_API_LEVEL": "23"
}
