{
  "COMMENT": "OnePlus 8 Pro Europe IN2023 (10 & 11):OnePlus:IN2023=OnePlus/OnePlus8Pro_EEA/OnePlus8Pro:10/QKQ1.191222.002/2008150503:user/release-keys__2020-08-01;OnePlus/OnePlus8Pro_EEA/OnePlus8Pro:11/RP1A.201005.001/2110091917:user/release-keys__2021-10-01",
  "MANUFACTURER": "Oneplus",
  "MODEL": "IN2023",
  "PRODUCT": "OnePlus8Pro_EEA",
  "DEVICE": "OnePlus8Pro",
  "BRAND": "OnePlus",
  "FINGERPRINT": "OnePlus/OnePlus8Pro_EEA/OnePlus8Pro:11/RP1A.201005.001/2110091917:user/release-keys",
  "SECURITY_PATCH": "2021-10-01",
  "BUILD_ID": "RP1A.201005.001",
  "RELEASE": "11",
  "INCREMENTAL": "2110091917",
  "TYPE": "user",
  "TAGS": "release-keys",
  "FIRST_API_LEVEL": "29"
}
