{
  "COMMENT": "OnePlus 7T Pro NR HD1925 (10 & 11):OnePlus:HD1925=OnePlus/OnePlus7TProNR/OnePlus7TProNR:10/QKQ1.190716.003/2011302116:user/release-keys__2020-11-01;OnePlus/OnePlus7TProNR/OnePlus7TProNR:11/RKQ1.201022.002/2110121803:user/release-keys__2021-10-01",
  "MANUFACTURER": "Oneplus",
  "MODEL": "HD1925",
  "PRODUCT": "OnePlus7TProNR",
  "DEVICE": "OnePlus7TProNR",
  "BRAND": "OnePlus",
  "FINGERPRINT": "OnePlus/OnePlus7TProNR/OnePlus7TProNR:11/RKQ1.201022.002/2110121803:user/release-keys",
  "SECURITY_PATCH": "2021-10-01",
  "BUILD_ID": "RKQ1.201022.002",
  "RELEASE": "11",
  "INCREMENTAL": "2110121803",
  "TYPE": "user",
  "TAGS": "release-keys",
  "FIRST_API_LEVEL": "29"
}
