{
  "COMMENT": "Redmi Note 8 Pro Europe (10 & 11):Redmi:Redmi Note 8 Pro=Redmi/begonia_eea/begonia:10/QP1A.190711.020/V12.0.4.0.QGGEUXM:user/release-keys__2021-02-01;Redmi/begonia_eea/begonia:11/RP1A.200720.011/V12.5.2.0.RGGEUXM:user/release-keys__2021-07-01",
  "MANUFACTURER": "Redmi",
  "MODEL": "Redmi Note 8 Pro",
  "PRODUCT": "begonia_eea",
  "DEVICE": "begonia",
  "BRAND": "Redmi",
  "FINGERPRINT": "Redmi/begonia_eea/begonia:11/RP1A.200720.011/V12.5.2.0.RGGEUXM:user/release-keys",
  "SECURITY_PATCH": "2021-07-01",
  "BUILD_ID": "RP1A.200720.011",
  "RELEASE": "11",
  "INCREMENTAL": "V12.5.2.0.RGGEUXM",
  "TYPE": "user",
  "TAGS": "release-keys",
  "FIRST_API_LEVEL": "29"
}
