{
  "COMMENT": "Asus ZenFone 6 ASUS_I01WD (9):Asus:ASUS_I01WD=asus/WW_I01WD/ASUS_I01WD:9/PPR2.181005.003/16.1220.1909.193-0:user/release-keys__2019-09-01",
  "MANUFACTURER": "Asus",
  "MODEL": "ASUS_I01WD",
  "PRODUCT": "WW_I01WD",
  "DEVICE": "ASUS_I01WD",
  "BRAND": "asus",
  "FINGERPRINT": "asus/WW_I01WD/ASUS_I01WD:9/PPR2.181005.003/16.1220.1909.193-0:user/release-keys",
  "SECURITY_PATCH": "2019-09-01",
  "BUILD_ID": "PPR2.181005.003",
  "RELEASE": "9",
  "INCREMENTAL": "16.1220.1909.193-0",
  "TYPE": "user",
  "TAGS": "release-keys",
  "FIRST_API_LEVEL": "28"
}
