{
  "COMMENT": "Google Pixel 5 (11 & 12):Google:Pixel 5=google/redfin/redfin:11/RQ3A.211001.001/7641976:user/release-keys__2021-10-01;google/redfin/redfin:12/SP1A.210812.015/7679548:user/release-keys__2021-10-05",
  "MANUFACTURER": "Google",
  "MODEL": "Pixel 5",
  "PRODUCT": "redfin",
  "DEVICE": "redfin",
  "BRAND": "google",
  "FINGERPRINT": "google/redfin/redfin:11/RQ3A.211001.001/7641976:user/release-keys",
  "SECURITY_PATCH": "2021-10-01",
  "BUILD_ID": "RQ3A.211001.001",
  "RELEASE": "11",
  "INCREMENTAL": "7641976",
  "TYPE": "user",
  "TAGS": "release-keys",
  "FIRST_API_LEVEL": "30"
}
