{
  "COMMENT": "Samsung Galaxy A6 SM-A600F (10):Samsung:SM-A600F=samsung/a6ltexx/a6lte:10/QP1A.190711.020/A600FNXXS7CTI1:user/release-keys__2020-09-01",
  "MANUFACTURER": "Samsung",
  "MODEL": "SM-A600F",
  "PRODUCT": "a6ltexx",
  "DEVICE": "a6lte",
  "BRAND": "samsung",
  "FINGERPRINT": "samsung/a6ltexx/a6lte:10/QP1A.190711.020/A600FNXXS7CTI1:user/release-keys",
  "SECURITY_PATCH": "2020-09-01",
  "BUILD_ID": "QP1A.190711.020",
  "RELEASE": "10",
  "INCREMENTAL": "A600FNXXS7CTI1",
  "TYPE": "user",
  "TAGS": "release-keys",
  "FIRST_API_LEVEL": "29"
}
