{
  "COMMENT": "Huawei P9 EVA-AL10 (8.0.0):Huawei:EVA-AL10=HUAWEI/EVA-AL10/HWEVA:8.0.0/HUAWEIEVA-AL10/550(C00):user/release-keys__2020-07-01",
  "MANUFACTURER": "Huawei",
  "MODEL": "EVA-AL10",
  "PRODUCT": "EVA-AL10",
  "DEVICE": "HWEVA",
  "BRAND": "HUAWEI",
  "FINGERPRINT": "HUAWEI/EVA-AL10/HWEVA:8.0.0/HUAWEIEVA-AL10/550(C00):user/release-keys",
  "SECURITY_PATCH": "2020-07-01",
  "BUILD_ID": "HUAWEIEVA-AL10",
  "RELEASE": "8.0.0",
  "INCREMENTAL": "550(C00)",
  "TYPE": "user",
  "TAGS": "release-keys",
  "FIRST_API_LEVEL": "26"
}
