{
  "COMMENT": "OnePlus N200 T-Mobile DE2118 (11):OnePlus:DE2118=OnePlus/OnePlusN200TMO/OnePlusN200TMO:11/RKQ1.201217.002/2110141014:user/release-keys__2021-10-01",
  "MANUFACTURER": "Oneplus",
  "MODEL": "DE2118",
  "PRODUCT": "OnePlusN200TMO",
  "DEVICE": "OnePlusN200TMO",
  "BRAND": "OnePlus",
  "FINGERPRINT": "OnePlus/OnePlusN200TMO/OnePlusN200TMO:11/RKQ1.201217.002/2110141014:user/release-keys",
  "SECURITY_PATCH": "2021-10-01",
  "BUILD_ID": "RKQ1.201217.002",
  "RELEASE": "11",
  "INCREMENTAL": "2110141014",
  "TYPE": "user",
  "TAGS": "release-keys",
  "FIRST_API_LEVEL": "30"
}
