{
  "COMMENT": "OnePlus 7T Pro China HD1910 (10 & 11):OnePlus:HD1910=OnePlus/OnePlus7TPro_CH/OnePlus7TPro:10/QKQ1.190716.003/2005131900:user/release-keys__2020-05-01;OnePlus/OnePlus7TPro_CH/OnePlus7TPro:11/RKQ1.201022.002/2108161811:user/release-keys__2021-08-01",
  "MANUFACTURER": "Oneplus",
  "MODEL": "HD1910",
  "PRODUCT": "OnePlus7TPro_CH",
  "DEVICE": "OnePlus7TPro",
  "BRAND": "OnePlus",
  "FINGERPRINT": "OnePlus/OnePlus7TPro_CH/OnePlus7TPro:10/QKQ1.190716.003/2005131900:user/release-keys",
  "SECURITY_PATCH": "2020-05-01",
  "BUILD_ID": "QKQ1.190716.003",
  "RELEASE": "10",
  "INCREMENTAL": "2005131900",
  "TYPE": "user",
  "TAGS": "release-keys",
  "FIRST_API_LEVEL": "29"
}
