{
  "COMMENT": "OnePlus N100 Europe BE2013 (10 & 11):OnePlus:BE2013=OnePlus/OnePlusN100_EEA/OnePlusN100:10/QKQ1.200719.002/2105110821:user/release-keys__2021-05-05;OnePlus/OnePlusN100_EEA/OnePlusN100:11/RKQ1.201217.002/2109272247:user/release-keys__2021-10-01",
  "MANUFACTURER": "Oneplus",
  "MODEL": "BE2013",
  "PRODUCT": "OnePlusN100_EEA",
  "DEVICE": "OnePlusN100",
  "BRAND": "OnePlus",
  "FINGERPRINT": "OnePlus/OnePlusN100_EEA/OnePlusN100:11/RKQ1.201217.002/2109272247:user/release-keys",
  "SECURITY_PATCH": "2021-10-01",
  "BUILD_ID": "RKQ1.201217.002",
  "RELEASE": "11",
  "INCREMENTAL": "2109272247",
  "TYPE": "user",
  "TAGS": "release-keys",
  "FIRST_API_LEVEL": "29"
}
