{
  "COMMENT": "OnePlus 6 (8.1.0 & 9 & 10 & 11):OnePlus:ONEPLUS A6003=OnePlus/OnePlus6/OnePlus6:8.1.0/OPM1.171019.011/06140300:user/release-keys;OnePlus/OnePlus6/OnePlus6:9/PKQ1.180716.001/1908012000:user/release-keys__2019-08-01;OnePlus/OnePlus6/OnePlus6:10/QKQ1.190716.003/2105112215:user/release-keys__2021-05-01;OnePlus/OnePlus6/OnePlus6:11/RKQ1.201217.002/2109171635:user/release-keys__2021-09-01",
  "MANUFACTURER": "Oneplus",
  "MODEL": "ONEPLUS A6003",
  "PRODUCT": "OnePlus6",
  "DEVICE": "OnePlus6",
  "BRAND": "OnePlus",
  "FINGERPRINT": "OnePlus/OnePlus6/OnePlus6:11/RKQ1.201217.002/2109171635:user/release-keys",
  "SECURITY_PATCH": "2021-09-01",
  "BUILD_ID": "RKQ1.201217.002",
  "RELEASE": "11",
  "INCREMENTAL": "2109171635",
  "TYPE": "user",
  "TAGS": "release-keys",
  "FIRST_API_LEVEL": "27"
}
