{
  "COMMENT": "LG K20 V VS501 (7.0):LGE:VS501=lge/lv517_vzw/lv517:7.0/NRD90U/1906714433ce5:user/release-keys__2019-03-01",
  "MANUFACTURER": "LGE",
  "MODEL": "VS501",
  "PRODUCT": "lv517_vzw",
  "DEVICE": "lv517",
  "BRAND": "lge",
  "FINGERPRINT": "lge/lv517_vzw/lv517:7.0/NRD90U/1906714433ce5:user/release-keys",
  "SECURITY_PATCH": "2019-03-01",
  "BUILD_ID": "NRD90U",
  "RELEASE": "7.0",
  "INCREMENTAL": "1906714433ce5",
  "TYPE": "user",
  "TAGS": "release-keys",
  "FIRST_API_LEVEL": "24"
}
