{
  "COMMENT": "Motorola Moto G Stylus (10):motorola:moto g stylus=motorola/sofiap_retail/sofiap:10/QPRS30.80-58-7-5-1-2/1ec95d:user/release-keys__2021-01-01",
  "MANUFACTURER": "Motorola",
  "MODEL": "moto g stylus",
  "PRODUCT": "sofiap_retail",
  "DEVICE": "sofiap",
  "BRAND": "motorola",
  "FINGERPRINT": "motorola/sofiap_retail/sofiap:10/QPRS30.80-58-7-5-1-2/1ec95d:user/release-keys",
  "SECURITY_PATCH": "2021-01-01",
  "BUILD_ID": "QPRS30.80-58-7-5-1-2",
  "RELEASE": "10",
  "INCREMENTAL": "1ec95d",
  "TYPE": "user",
  "TAGS": "release-keys",
  "FIRST_API_LEVEL": "29"
}
