{
  "COMMENT": "Asus ZenFone Max Pro M1 ASUS_X00TD (8.1.0 & 9):Asus:ASUS_X00TD=asus/RU_X00TD/ASUS_X00T_6:8.1.0/OPM1/15.2016.1902.340-20190216:user/release-keys__2019-02-01;asus/WW_X00TD/ASUS_X00T_3:9/PKQ1/16.2017.2009.087-20200826:user/release-keys__2020-09-05",
  "MANUFACTURER": "Asus",
  "MODEL": "ASUS_X00TD",
  "PRODUCT": "WW_X00TD",
  "DEVICE": "ASUS_X00T_3",
  "BRAND": "asus",
  "FINGERPRINT": "asus/WW_X00TD/ASUS_X00T_3:9/PKQ1/16.2017.2009.087-20200826:user/release-keys",
  "SECURITY_PATCH": "2020-09-05",
  "BUILD_ID": "PKQ1",
  "RELEASE": "9",
  "INCREMENTAL": "16.2017.2009.087-20200826",
  "TYPE": "user",
  "TAGS": "release-keys",
  "FIRST_API_LEVEL": "27"
}
