{
  "COMMENT": "Motorola Moto G5S Plus (8.1.0):Motorola:Moto G (5S) Plus=motorola/sanders_n/sanders_n:8.1.0/OPS28.65-36-14/63857:user/release-keys__2019-08-01",
  "MANUFACTURER": "Motorola",
  "MODEL": "Moto G (5S) Plus",
  "PRODUCT": "sanders_n",
  "DEVICE": "sanders_n",
  "BRAND": "motorola",
  "FINGERPRINT": "motorola/sanders_n/sanders_n:8.1.0/OPS28.65-36-14/63857:user/release-keys",
  "SECURITY_PATCH": "2019-08-01",
  "BUILD_ID": "OPS28.65-36-14",
  "RELEASE": "8.1.0",
  "INCREMENTAL": "63857",
  "TYPE": "user",
  "TAGS": "release-keys",
  "FIRST_API_LEVEL": "27"
}
