{
  "COMMENT": "Samsung Galaxy A5 2015 SM-A500FU (6.0.1):Samsung:SM-A500FU=samsung/a5ultexx/a5ulte:6.0.1/MMB29M/A500FUXXU1CPH3:user/release-keys",
  "MANUFACTURER": "Samsung",
  "MODEL": "SM-A500FU",
  "PRODUCT": "a5ultexx",
  "DEVICE": "a5ulte",
  "BRAND": "samsung",
  "FINGERPRINT": "samsung/a5ultexx/a5ulte:6.0.1/MMB29M/A500FUXXU1CPH3:user/release-keys",
  "BUILD_ID": "MMB29M",
  "RELEASE": "6.0.1",
  "INCREMENTAL": "A500FUXXU1CPH3",
  "TYPE": "user",
  "TAGS": "release-keys",
  "FIRST_API_LEVEL": "23"
}
