{
  "COMMENT": "OnePlus 5T (7.1.1 & 8.0.0 & 8.1.0 & 9 & 10):OnePlus:ONEPLUS A5010=OnePlus/OnePlus5T/OnePlus5T:7.1.1/NMF26X/12152312:user/release-keys;OnePlus/OnePlus5T/OnePlus5T:8.0.0/OPR1.170623.032/02040656:user/release-keys;OnePlus/OnePlus5T/OnePlus5T:8.1.0/OPM1.171019.011/1809241512:user/release-keys__2018-09-01;OnePlus/OnePlus5T/OnePlus5T:9/PKQ1.180716.001/2002242012:user/release-keys__2020-02-01;OnePlus/OnePlus5T/OnePlus5T:10/QKQ1.191014.012/2010292059:user/release-keys__2020-09-01",
  "MANUFACTURER": "Oneplus",
  "MODEL": "ONEPLUS A5010",
  "PRODUCT": "OnePlus5T",
  "DEVICE": "OnePlus5T",
  "BRAND": "OnePlus",
  "FINGERPRINT": "OnePlus/OnePlus5T/OnePlus5T:10/QKQ1.191014.012/2010292059:user/release-keys",
  "SECURITY_PATCH": "2020-09-01",
  "BUILD_ID": "QKQ1.191014.012",
  "RELEASE": "10",
  "INCREMENTAL": "2010292059",
  "TYPE": "user",
  "TAGS": "release-keys",
  "FIRST_API_LEVEL": "25"
}
