{
  "COMMENT": "OnePlus 8T Europe KB2003 (11):OnePlus:KB2003=OnePlus/OnePlus8T_EEA/OnePlus8T:11/RP1A.201005.001/2110091916:user/release-keys__2021-10-01",
  "MANUFACTURER": "Oneplus",
  "MODEL": "KB2003",
  "PRODUCT": "OnePlus8T_EEA",
  "DEVICE": "OnePlus8T",
  "BRAND": "OnePlus",
  "FINGERPRINT": "OnePlus/OnePlus8T_EEA/OnePlus8T:11/RP1A.201005.001/2110091916:user/release-keys",
  "SECURITY_PATCH": "2021-10-01",
  "BUILD_ID": "RP1A.201005.001",
  "RELEASE": "11",
  "INCREMENTAL": "2110091916",
  "TYPE": "user",
  "TAGS": "release-keys",
  "FIRST_API_LEVEL": "30"
}
