{
  "COMMENT": "Huawei Honor 6X BLN-L22 (8.0.0):Huawei:BLN-L22=HONOR/BLN-L22/HWBLN-H:8.0.0/HONORBLN-L22/520(C675):user/release-keys__2018-11-05",
  "MANUFACTURER": "Huawei",
  "MODEL": "BLN-L22",
  "PRODUCT": "BLN-L22",
  "DEVICE": "HWBLN-H",
  "BRAND": "HONOR",
  "FINGERPRINT": "HONOR/BLN-L22/HWBLN-H:8.0.0/HONORBLN-L22/520(C675):user/release-keys",
  "SECURITY_PATCH": "2018-11-05",
  "BUILD_ID": "HONORBLN-L22",
  "RELEASE": "8.0.0",
  "INCREMENTAL": "520(C675)",
  "TYPE": "user",
  "TAGS": "release-keys",
  "FIRST_API_LEVEL": "26"
}
