{
  "COMMENT": "Google Pixel 3a XL (9 & 10 & 11 & 12):Google:Pixel 3a XL=google/bonito/bonito:9/PQ3B.190801.002/5674421:user/release-keys__2019-08-01;google/bonito/bonito:10/QQ3A.200805.001/6578210:user/release-keys__2020-08-05;google/bonito/bonito:11/RQ3A.211001.001/7641976:user/release-keys__2021-10-01;google/bonito/bonito:12/SP1A.210812.015/7679548:user/release-keys__2021-10-05",
  "MANUFACTURER": "Google",
  "MODEL": "Pixel 3a XL",
  "PRODUCT": "bonito",
  "DEVICE": "bonito",
  "BRAND": "google",
  "FINGERPRINT": "google/bonito/bonito:12/SP1A.210812.015/7679548:user/release-keys",
  "SECURITY_PATCH": "2021-10-05",
  "BUILD_ID": "SP1A.210812.015",
  "RELEASE": "12",
  "INCREMENTAL": "7679548",
  "TYPE": "user",
  "TAGS": "release-keys",
  "FIRST_API_LEVEL": "28"
}
