{
  "COMMENT": "OnePlus 9 TMO LE2117 (11):OnePlus:LE2117=OnePlus/OnePlus9TMO/OnePlus9TMO:11/RKQ1.201105.002/2103071836:user/release-keys__2021-02-01",
  "MANUFACTURER": "Oneplus",
  "MODEL": "LE2117",
  "PRODUCT": "OnePlus9TMO",
  "DEVICE": "OnePlus9TMO",
  "BRAND": "OnePlus",
  "FINGERPRINT": "OnePlus/OnePlus9TMO/OnePlus9TMO:11/RKQ1.201105.002/2103071836:user/release-keys",
  "SECURITY_PATCH": "2021-02-01",
  "BUILD_ID": "RKQ1.201105.002",
  "RELEASE": "11",
  "INCREMENTAL": "2103071836",
  "TYPE": "user",
  "TAGS": "release-keys",
  "FIRST_API_LEVEL": "30"
}
