{
  "COMMENT": "LG G7 ThinQ LM-G710 (9):LGE:LM-G710=lge/judyln_lao_com/judyln:9/PKQ1.181105.001/200350248e04d.FGN:user/release-keys__2020-01-01",
  "MANUFACTURER": "LGE",
  "MODEL": "LM-G710",
  "PRODUCT": "judyln_lao_com",
  "DEVICE": "judyln",
  "BRAND": "lge",
  "FINGERPRINT": "lge/judyln_lao_com/judyln:9/PKQ1.181105.001/200350248e04d.FGN:user/release-keys",
  "SECURITY_PATCH": "2020-01-01",
  "BUILD_ID": "PKQ1.181105.001",
  "RELEASE": "9",
  "INCREMENTAL": "200350248e04d.FGN",
  "TYPE": "user",
  "TAGS": "release-keys",
  "FIRST_API_LEVEL": "28"
}
