{
  "COMMENT": "OnePlus 8 Verizon IN2019 (10):OnePlus:IN2019=OnePlus/OnePlus8VZW/OnePlus8VZW:10/QKQ1.191222.002/2011031214:user/release-keys__2020-10-01",
  "MANUFACTURER": "Oneplus",
  "MODEL": "IN2019",
  "PRODUCT": "OnePlus8VZW",
  "DEVICE": "OnePlus8VZW",
  "BRAND": "OnePlus",
  "FINGERPRINT": "OnePlus/OnePlus8VZW/OnePlus8VZW:10/QKQ1.191222.002/2011031214:user/release-keys",
  "SECURITY_PATCH": "2020-10-01",
  "BUILD_ID": "QKQ1.191222.002",
  "RELEASE": "10",
  "INCREMENTAL": "2011031214",
  "TYPE": "user",
  "TAGS": "release-keys",
  "FIRST_API_LEVEL": "29"
}
