{
  "COMMENT": "Lenovo Tab 4 10 Plus TB-X704F (7.1.1):Lenovo:Lenovo TB-X704F=Lenovo/LenovoTB-X704F/X704F:7.1.1/NMF26F/TB-X704F_S000056_181015_ROW:user/release-keys__2018-10-01",
  "MANUFACTURER": "Lenovo",
  "MODEL": "Lenovo TB-X704F",
  "PRODUCT": "LenovoTB-X704F",
  "DEVICE": "X704F",
  "BRAND": "Lenovo",
  "FINGERPRINT": "Lenovo/LenovoTB-X704F/X704F:7.1.1/NMF26F/TB-X704F_S000056_181015_ROW:user/release-keys",
  "SECURITY_PATCH": "2018-10-01",
  "BUILD_ID": "NMF26F",
  "RELEASE": "7.1.1",
  "INCREMENTAL": "TB-X704F_S000056_181015_ROW",
  "TYPE": "user",
  "TAGS": "release-keys",
  "FIRST_API_LEVEL": "25"
}
