{
  "COMMENT": "Motorola Moto G 5g Plus (10 & 11):Motorola:moto g 5G plus=motorola/nairo_retail/nairo:10/QPNS30.37-Q3-42-51-4/2a371:user/release-keys__2021-01-01;motorola/nairo_retail/nairo:11/RPN31.Q4U-39-27-5/20ead:user/release-keys__2021-02-01",
  "MANUFACTURER": "Motorola",
  "MODEL": "moto g 5G plus",
  "PRODUCT": "nairo_retail",
  "DEVICE": "nairo",
  "BRAND": "motorola",
  "FINGERPRINT": "motorola/nairo_retail/nairo:10/QPNS30.37-Q3-42-51-4/2a371:user/release-keys",
  "SECURITY_PATCH": "2021-01-01",
  "BUILD_ID": "QPNS30.37-Q3-42-51-4",
  "RELEASE": "10",
  "INCREMENTAL": "2a371",
  "TYPE": "user",
  "TAGS": "release-keys",
  "FIRST_API_LEVEL": "29"
}
