{
  "COMMENT": "Samsung Galaxy Grand Prime SM-G530BT (5.0.2):Samsung:SM-G530BT=samsung/fortuna3gdtvvj/fortuna3gdtv:5.0.2/LRX22G/G530BTVJU1BPH4:user/release-keys",
  "MANUFACTURER": "Samsung",
  "MODEL": "SM-G530BT",
  "PRODUCT": "fortuna3gdtvvj",
  "DEVICE": "fortuna3gdtv",
  "BRAND": "samsung",
  "FINGERPRINT": "samsung/fortuna3gdtvvj/fortuna3gdtv:5.0.2/LRX22G/G530BTVJU1BPH4:user/release-keys",
  "BUILD_ID": "LRX22G",
  "RELEASE": "5.0.2",
  "INCREMENTAL": "G530BTVJU1BPH4",
  "TYPE": "user",
  "TAGS": "release-keys",
  "FIRST_API_LEVEL": "21"
}
