{
  "COMMENT": "Motorola Moto G7 Play (9 & 10):Motorola:moto g(7) play=motorola/channel/channel:9/PPY29.105-160-4/56a11:user/release-keys__2019-12-01;motorola/channel/channel:10/QPY30.52-22/355d1:user/release-keys__2020-04-01",
  "MANUFACTURER": "Motorola",
  "MODEL": "moto g(7) play",
  "PRODUCT": "channel",
  "DEVICE": "channel",
  "BRAND": "motorola",
  "FINGERPRINT": "motorola/channel/channel:10/QPY30.52-22/355d1:user/release-keys",
  "SECURITY_PATCH": "2020-04-01",
  "BUILD_ID": "QPY30.52-22",
  "RELEASE": "10",
  "INCREMENTAL": "355d1",
  "TYPE": "user",
  "TAGS": "release-keys",
  "FIRST_API_LEVEL": "28"
}
