{
  "COMMENT": "OnePlus 8 Visible IN2015 (10 & 11):OnePlus:IN2015=OnePlus/OnePlus8Visible/OnePlus8Visible:10/QKQ1.191222.002/2010121010:user/release-keys__2020-09-01;OnePlus/OnePlus8Visible/OnePlus8Visible:11/RP1A.201005.001/2108261550:user/release-keys__2021-09-01",
  "MANUFACTURER": "Oneplus",
  "MODEL": "IN2015",
  "PRODUCT": "OnePlus8Visible",
  "DEVICE": "OnePlus8Visible",
  "BRAND": "OnePlus",
  "FINGERPRINT": "OnePlus/OnePlus8Visible/OnePlus8Visible:10/QKQ1.191222.002/2010121010:user/release-keys",
  "SECURITY_PATCH": "2020-09-01",
  "BUILD_ID": "QKQ1.191222.002",
  "RELEASE": "10",
  "INCREMENTAL": "2010121010",
  "TYPE": "user",
  "TAGS": "release-keys",
  "FIRST_API_LEVEL": "29"
}
