{
  "COMMENT": "OnePlus 9R India LE2101 (11):OnePlus:LE2101=OnePlus/OnePlus9R_IND/OnePlus9R:11/RKQ1.201112.002/2109081911:user/release-keys__2021-09-01",
  "MANUFACTURER": "Oneplus",
  "MODEL": "LE2101",
  "PRODUCT": "OnePlus9R_IND",
  "DEVICE": "OnePlus9R",
  "BRAND": "OnePlus",
  "FINGERPRINT": "OnePlus/OnePlus9R_IND/OnePlus9R:11/RKQ1.201112.002/2109081911:user/release-keys",
  "SECURITY_PATCH": "2021-09-01",
  "BUILD_ID": "RKQ1.201112.002",
  "RELEASE": "11",
  "INCREMENTAL": "2109081911",
  "TYPE": "user",
  "TAGS": "release-keys",
  "FIRST_API_LEVEL": "30"
}
