{
  "COMMENT": "Motorola Moto Razr 2020 (10 & 11):Motorola:motorola razr 2020=motorola/smith_retail/smith:10/QPSS30.205-Q3-43-51-3/3bfc9:user/release-keys__2020-11-01;motorola/smith_retail/smith:11/RPS31.Q1-40-17-12/21bf4c:user/release-keys__2021-02-01",
  "MANUFACTURER": "Motorola",
  "MODEL": "motorola razr 2020",
  "PRODUCT": "smith_retail",
  "DEVICE": "smith",
  "BRAND": "motorola",
  "FINGERPRINT": "motorola/smith_retail/smith:10/QPSS30.205-Q3-43-51-3/3bfc9:user/release-keys",
  "SECURITY_PATCH": "2020-11-01",
  "BUILD_ID": "QPSS30.205-Q3-43-51-3",
  "RELEASE": "10",
  "INCREMENTAL": "3bfc9",
  "TYPE": "user",
  "TAGS": "release-keys",
  "FIRST_API_LEVEL": "29"
}
