{
  "COMMENT": "Redmi K30 Ultra China (10):Redmi:M2006J10C=Redmi/cezanne/cezanne:10/QP1A.190711.020/V12.0.12.0.QJNCNXM:user/release-keys__2020-09-01",
  "MANUFACTURER": "Redmi",
  "MODEL": "M2006J10C",
  "PRODUCT": "cezanne",
  "DEVICE": "cezanne",
  "BRAND": "Redmi",
  "FINGERPRINT": "Redmi/cezanne/cezanne:10/QP1A.190711.020/V12.0.12.0.QJNCNXM:user/release-keys",
  "SECURITY_PATCH": "2020-09-01",
  "BUILD_ID": "QP1A.190711.020",
  "RELEASE": "10",
  "INCREMENTAL": "V12.0.12.0.QJNCNXM",
  "TYPE": "user",
  "TAGS": "release-keys",
  "FIRST_API_LEVEL": "29"
}
