{
  "COMMENT": "OnePlus 6T T-Mobile (9 & 10):OnePlus:ONEPLUS A6013=OnePlus/OnePlus6TSingle/OnePlus6TSingle:9/PKQ1.180716.001/1810291147:user/release-keys__2018-11-01;OnePlus/OnePlus6TSingle/OnePlus6TSingle:10/QKQ1.190716.003/2108261437:user/release-keys__2021-09-01",
  "MANUFACTURER": "Oneplus",
  "MODEL": "ONEPLUS A6013",
  "PRODUCT": "OnePlus6TSingle",
  "DEVICE": "OnePlus6TSingle",
  "BRAND": "OnePlus",
  "FINGERPRINT": "OnePlus/OnePlus6TSingle/OnePlus6TSingle:10/QKQ1.190716.003/2108261437:user/release-keys",
  "SECURITY_PATCH": "2021-09-01",
  "BUILD_ID": "QKQ1.190716.003",
  "RELEASE": "10",
  "INCREMENTAL": "2108261437",
  "TYPE": "user",
  "TAGS": "release-keys",
  "FIRST_API_LEVEL": "28"
}
