{
  "COMMENT": "Asus ZenFone 4 Max ASUS_X00HD (7.1.1):Asus:ASUS_X00HD=asus/WW_Phone/ASUS_X00HD_4:7.1.1/NMF26F/14.2016.1801.372-20180119:user/release-keys",
  "MANUFACTURER": "Asus",
  "MODEL": "ASUS_X00HD",
  "PRODUCT": "WW_Phone",
  "DEVICE": "ASUS_X00HD_4",
  "BRAND": "asus",
  "FINGERPRINT": "asus/WW_Phone/ASUS_X00HD_4:7.1.1/NMF26F/14.2016.1801.372-20180119:user/release-keys",
  "BUILD_ID": "NMF26F",
  "RELEASE": "7.1.1",
  "INCREMENTAL": "14.2016.1801.372-20180119",
  "TYPE": "user",
  "TAGS": "release-keys",
  "FIRST_API_LEVEL": "25"
}
