{
  "COMMENT": "Huawei P9 Plus VIE-L09 (7.0):Huawei:VIE-L09=HUAWEI/VIE-L09/HWVIE:7.0/HUAWEIVIE-L09/C432B387:user/release-keys__2018-07-01",
  "MANUFACTURER": "Huawei",
  "MODEL": "VIE-L09",
  "PRODUCT": "VIE-L09",
  "DEVICE": "HWVIE",
  "BRAND": "HUAWEI",
  "FINGERPRINT": "HUAWEI/VIE-L09/HWVIE:7.0/HUAWEIVIE-L09/C432B387:user/release-keys",
  "SECURITY_PATCH": "2018-07-01",
  "BUILD_ID": "HUAWEIVIE-L09",
  "RELEASE": "7.0",
  "INCREMENTAL": "C432B387",
  "TYPE": "user",
  "TAGS": "release-keys",
  "FIRST_API_LEVEL": "24"
}
