{
  "COMMENT": "OnePlus 9RT China MT2110 (11):OnePlus:MT2110=OnePlus/MT2110_CH/OP5154L1:11/RKQ1.210614.002/1635776772321:user/release-keys__2021-09-05",
  "MANUFACTURER": "Oneplus",
  "MODEL": "MT2110",
  "PRODUCT": "MT2110_CH",
  "DEVICE": "OP5154L1",
  "BRAND": "OnePlus",
  "FINGERPRINT": "OnePlus/MT2110_CH/OP5154L1:11/RKQ1.210614.002/1635776772321:user/release-keys",
  "SECURITY_PATCH": "2021-09-05",
  "BUILD_ID": "RKQ1.210614.002",
  "RELEASE": "11",
  "INCREMENTAL": "1635776772321",
  "TYPE": "user",
  "TAGS": "release-keys",
  "FIRST_API_LEVEL": "30"
}
