{
  "COMMENT": "Realme X2 Pro (10):Realme:RMX1931=realme/RMX1931EEA/RMX1931L1:10/QKQ1.191021.002/1590460856:user/release-keys__2020-06-05",
  "MANUFACTURER": "Realme",
  "MODEL": "RMX1931",
  "PRODUCT": "RMX1931EEA",
  "DEVICE": "RMX1931L1",
  "BRAND": "realme",
  "FINGERPRINT": "realme/RMX1931EEA/RMX1931L1:10/QKQ1.191021.002/1590460856:user/release-keys",
  "SECURITY_PATCH": "2020-06-05",
  "BUILD_ID": "QKQ1.191021.002",
  "RELEASE": "10",
  "INCREMENTAL": "1590460856",
  "TYPE": "user",
  "TAGS": "release-keys",
  "FIRST_API_LEVEL": "29"
}
