{
  "COMMENT": "OnePlus 7T Pro Europe HD1913 (10 & 11):OnePlus:HD1913=OnePlus/OnePlus7TPro_EEA/OnePlus7TPro:10/QKQ1.190716.003/2101282100:user/release-keys__2021-01-01;OnePlus/OnePlus7TPro_EEA/OnePlus7TPro:11/RKQ1.201022.002/2110211531:user/release-keys__2021-10-01",
  "MANUFACTURER": "Oneplus",
  "MODEL": "HD1913",
  "PRODUCT": "OnePlus7TPro_EEA",
  "DEVICE": "OnePlus7TPro",
  "BRAND": "OnePlus",
  "FINGERPRINT": "OnePlus/OnePlus7TPro_EEA/OnePlus7TPro:11/RKQ1.201022.002/2110211531:user/release-keys",
  "SECURITY_PATCH": "2021-10-01",
  "BUILD_ID": "RKQ1.201022.002",
  "RELEASE": "11",
  "INCREMENTAL": "2110211531",
  "TYPE": "user",
  "TAGS": "release-keys",
  "FIRST_API_LEVEL": "29"
}
