{
  "COMMENT": "Google Pixel 2 (8.0.0 & 8.1.0 & 9 & 10 & 11):Google:Pixel 2=google/walleye/walleye:8.0.0/OPD1.170816.025/4424668:user/release-keys;google/walleye/walleye:8.1.0/OPM2.171026.006.G1/4820017:user/release-keys__2018-07-05;google/walleye/walleye:9/PQ3A.190801.002/5670241:user/release-keys__2019-08-01;google/walleye/walleye:10/QQ3A.200805.001/6578210:user/release-keys__2020-08-05;google/walleye/walleye:11/RP1A.201005.004.A1/6934943:user/release-keys__2020-10-05",
  "MANUFACTURER": "Google",
  "MODEL": "Pixel 2",
  "PRODUCT": "walleye",
  "DEVICE": "walleye",
  "BRAND": "google",
  "FINGERPRINT": "google/walleye/walleye:8.0.0/OPD1.170816.025/4424668:user/release-keys",
  "BUILD_ID": "OPD1.170816.025",
  "RELEASE": "8.0.0",
  "INCREMENTAL": "4424668",
  "TYPE": "user",
  "TAGS": "release-keys",
  "FIRST_API_LEVEL": "26"
}
