{
  "COMMENT": "Huawei P9 Lite VNS-L31 (7.0):Huawei:HUAWEI VNS-L31=HUAWEI/VNS-L31/HWVNS-H:7.0/HUAWEIVNS-L31/C432B414:user/release-keys__2018-06-01",
  "MANUFACTURER": "Huawei",
  "MODEL": "HUAWEI VNS-L31",
  "PRODUCT": "VNS-L31",
  "DEVICE": "HWVNS-H",
  "BRAND": "HUAWEI",
  "FINGERPRINT": "HUAWEI/VNS-L31/HWVNS-H:7.0/HUAWEIVNS-L31/C432B414:user/release-keys",
  "SECURITY_PATCH": "2018-06-01",
  "BUILD_ID": "HUAWEIVNS-L31",
  "RELEASE": "7.0",
  "INCREMENTAL": "C432B414",
  "TYPE": "user",
  "TAGS": "release-keys",
  "FIRST_API_LEVEL": "24"
}
