{
  "COMMENT": "OnePlus 6T (9 & 10 & 11):OnePlus:ONEPLUS A6013=OnePlus/OnePlus6T/OnePlus6T:9/PKQ1.180716.001/1909112330:user/release-keys__2019-08-01;OnePlus/OnePlus6T/OnePlus6T:10/QKQ1.190716.003/2107132231:user/release-keys__2021-07-01;OnePlus/OnePlus6T/OnePlus6T:11/RKQ1.201217.002/2109171636:user/release-keys__2021-09-01",
  "MANUFACTURER": "Oneplus",
  "MODEL": "ONEPLUS A6013",
  "PRODUCT": "OnePlus6T",
  "DEVICE": "OnePlus6T",
  "BRAND": "OnePlus",
  "FINGERPRINT": "OnePlus/OnePlus6T/OnePlus6T:9/PKQ1.180716.001/1909112330:user/release-keys",
  "SECURITY_PATCH": "2019-08-01",
  "BUILD_ID": "PKQ1.180716.001",
  "RELEASE": "9",
  "INCREMENTAL": "1909112330",
  "TYPE": "user",
  "TAGS": "release-keys",
  "FIRST_API_LEVEL": "28"
}
