{
  "COMMENT": "Motorola Moto Edge (10 & 11):Motorola:motorola edge=motorola/racer_retail/racer:10/QPD30.114-80/6ddbb:user/release-keys__2020-10-01;motorola/racer_retail/racer:11/RPDS31.Q4U-39-26-4-4/802e72:user/release-keys__2021-06-01",
  "MANUFACTURER": "Motorola",
  "MODEL": "motorola edge",
  "PRODUCT": "racer_retail",
  "DEVICE": "racer",
  "BRAND": "motorola",
  "FINGERPRINT": "motorola/racer_retail/racer:10/QPD30.114-80/6ddbb:user/release-keys",
  "SECURITY_PATCH": "2020-10-01",
  "BUILD_ID": "QPD30.114-80",
  "RELEASE": "10",
  "INCREMENTAL": "6ddbb",
  "TYPE": "user",
  "TAGS": "release-keys",
  "FIRST_API_LEVEL": "29"
}
