{
  "COMMENT": "Google Pixel 5a (11 & 12):Google:Pixel 5a=google/barbet/barbet:11/RD2A.211001.002/7644766:user/release-keys__2021-10-01;google/barbet/barbet:12/SP1A.210812.015/7679548:user/release-keys__2021-10-05",
  "MANUFACTURER": "Google",
  "MODEL": "Pixel 5a",
  "PRODUCT": "barbet",
  "DEVICE": "barbet",
  "BRAND": "google",
  "FINGERPRINT": "google/barbet/barbet:12/SP1A.210812.015/7679548:user/release-keys",
  "SECURITY_PATCH": "2021-10-05",
  "BUILD_ID": "SP1A.210812.015",
  "RELEASE": "12",
  "INCREMENTAL": "7679548",
  "TYPE": "user",
  "TAGS": "release-keys",
  "FIRST_API_LEVEL": "30"
}
