{
  "COMMENT": "Redmi Note 9 Pro Indonesia (10):Redmi:Redmi Note 9 Pro=Redmi/joyeuse_id/joyeuse:10/QKQ1.191215.002/V12.0.5.0.QJZIDXM:user/release-keys__2021-03-01",
  "MANUFACTURER": "Redmi",
  "MODEL": "Redmi Note 9 Pro",
  "PRODUCT": "joyeuse_id",
  "DEVICE": "joyeuse",
  "BRAND": "Redmi",
  "FINGERPRINT": "Redmi/joyeuse_id/joyeuse:10/QKQ1.191215.002/V12.0.5.0.QJZIDXM:user/release-keys",
  "SECURITY_PATCH": "2021-03-01",
  "BUILD_ID": "QKQ1.191215.002",
  "RELEASE": "10",
  "INCREMENTAL": "V12.0.5.0.QJZIDXM",
  "TYPE": "user",
  "TAGS": "release-keys",
  "FIRST_API_LEVEL": "29"
}
