{
  "COMMENT": "Nvidia Shield TV 2019 (9):NVIDIA:SHIELD Android TV=NVIDIA/sif/sif:9/PPR1.180610.011/4079180_2513.0256:user/release-keys__2020-12-05",
  "MANUFACTURER": "NVIDIA",
  "MODEL": "SHIELD Android TV",
  "PRODUCT": "sif",
  "DEVICE": "sif",
  "BRAND": "NVIDIA",
  "FINGERPRINT": "NVIDIA/sif/sif:9/PPR1.180610.011/4079180_2513.0256:user/release-keys",
  "SECURITY_PATCH": "2020-12-05",
  "BUILD_ID": "PPR1.180610.011",
  "RELEASE": "9",
  "INCREMENTAL": "4079180_2513.0256",
  "TYPE": "user",
  "TAGS": "release-keys",
  "FIRST_API_LEVEL": "28"
}
