{
  "COMMENT": "Google Nexus 9 LTE (5.0.1 & 5.0.2 & 5.1.1 & 6.0 & 6.0.1 & 7.0 & 7.1.1):HTC:Nexus 9=google/volantisg/flounder_lte:5.0.1/LRX22C/1602158:user/release-keys;google/volantisg/flounder_lte:5.0.2/LRX22L/1816899:user/release-keys;google/volantisg/flounder_lte:5.1.1/LMY49F/2495589:user/release-keys;google/volantisg/flounder_lte:6.0/MRA58N/2289998:user/release-keys;google/volantisg/flounder_lte:6.0.1/MOB31E/3142026:user/release-keys;google/volantisg/flounder_lte:7.0/NRD91N/3318108:user/release-keys;google/volantisg/flounder_lte:7.1.1/N4F27P/4333386:user/release-keys",
  "MANUFACTURER": "HTC",
  "MODEL": "Nexus 9",
  "PRODUCT": "volantisg",
  "DEVICE": "flounder_lte",
  "BRAND": "google",
  "FINGERPRINT": "google/volantisg/flounder_lte:5.0.1/LRX22C/1602158:user/release-keys",
  "BUILD_ID": "LRX22C",
  "RELEASE": "5.0.1",
  "INCREMENTAL": "1602158",
  "TYPE": "user",
  "TAGS": "release-keys",
  "FIRST_API_LEVEL": "21"
}
