{
  "COMMENT": "Samsung Galaxy A3 2015 SM-A300FU (6.0.1):Samsung:SM-A300FU=samsung/a3ultexx/a3ulte:6.0.1/MMB29M/A300FUXXU1CRF1:user/release-keys",
  "MANUFACTURER": "Samsung",
  "MODEL": "SM-A300FU",
  "PRODUCT": "a3ultexx",
  "DEVICE": "a3ulte",
  "BRAND": "samsung",
  "FINGERPRINT": "samsung/a3ultexx/a3ulte:6.0.1/MMB29M/A300FUXXU1CRF1:user/release-keys",
  "BUILD_ID": "MMB29M",
  "RELEASE": "6.0.1",
  "INCREMENTAL": "A300FUXXU1CRF1",
  "TYPE": "user",
  "TAGS": "release-keys",
  "FIRST_API_LEVEL": "23"
}
