{
  "COMMENT": "Motorola Moto E4 Plus (7.1.1):Motorola:Moto E (4) Plus=motorola/nicklaus_fn/nicklaus_fn:7.1.1/NMA26.42-156/183:user/release-keys",
  "MANUFACTURER": "Motorola",
  "MODEL": "Moto E (4) Plus",
  "PRODUCT": "nicklaus_fn",
  "DEVICE": "nicklaus_fn",
  "BRAND": "motorola",
  "FINGERPRINT": "motorola/nicklaus_fn/nicklaus_fn:7.1.1/NMA26.42-156/183:user/release-keys",
  "BUILD_ID": "NMA26.42-156",
  "RELEASE": "7.1.1",
  "INCREMENTAL": "183",
  "TYPE": "user",
  "TAGS": "release-keys",
  "FIRST_API_LEVEL": "25"
}
