{
  "COMMENT": "OnePlus 9 LE2115 (11 & 12):OnePlus:LE2115=OnePlus/OnePlus9/OnePlus9:11/RKQ1.201105.002/2109110403:user/release-keys__2021-09-01;OnePlus/OnePlus9/OnePlus9:12/SKQ1.210216.001/R.202109102211:user/release-keys__2021-09-05",
  "MANUFACTURER": "Oneplus",
  "MODEL": "LE2115",
  "PRODUCT": "OnePlus9",
  "DEVICE": "OnePlus9",
  "BRAND": "OnePlus",
  "FINGERPRINT": "OnePlus/OnePlus9/OnePlus9:12/SKQ1.210216.001/R.202109102211:user/release-keys",
  "SECURITY_PATCH": "2021-09-05",
  "BUILD_ID": "SKQ1.210216.001",
  "RELEASE": "12",
  "INCREMENTAL": "R.202109102211",
  "TYPE": "user",
  "TAGS": "release-keys",
  "FIRST_API_LEVEL": "30"
}
