{
  "COMMENT": "Samsung Galaxy A50S SM-A507FN (10):Samsung:SM-A507FN=samsung/a50sxx/a50s:10/QP1A.190711.020/A507FNXXS5BTI1:user/release-keys__2020-09-01",
  "MANUFACTURER": "Samsung",
  "MODEL": "SM-A507FN",
  "PRODUCT": "a50sxx",
  "DEVICE": "a50s",
  "BRAND": "samsung",
  "FINGERPRINT": "samsung/a50sxx/a50s:10/QP1A.190711.020/A507FNXXS5BTI1:user/release-keys",
  "SECURITY_PATCH": "2020-09-01",
  "BUILD_ID": "QP1A.190711.020",
  "RELEASE": "10",
  "INCREMENTAL": "A507FNXXS5BTI1",
  "TYPE": "user",
  "TAGS": "release-keys",
  "FIRST_API_LEVEL": "29"
}
