{
  "COMMENT": "OnePlus Nord India AC2001 (10 & 11):OnePlus:AC2001=OnePlus/Nord_IND/Nord:10/QKQ1.200412.002/2102040230:user/release-keys__2021-01-01;OnePlus/Nord_IND/Nord:11/RP1A.201005.001/2110142330:user/release-keys__2021-10-01",
  "MANUFACTURER": "Oneplus",
  "MODEL": "AC2001",
  "PRODUCT": "Nord_IND",
  "DEVICE": "Nord",
  "BRAND": "OnePlus",
  "FINGERPRINT": "OnePlus/Nord_IND/Nord:11/RP1A.201005.001/2110142330:user/release-keys",
  "SECURITY_PATCH": "2021-10-01",
  "BUILD_ID": "RP1A.201005.001",
  "RELEASE": "11",
  "INCREMENTAL": "2110142330",
  "TYPE": "user",
  "TAGS": "release-keys",
  "FIRST_API_LEVEL": "29"
}
