{
  "COMMENT": "Essential PH-1 (7.1.1 & 8.1.0 & 9 & 10):Essential:PH-1=essential/mata/mata:7.1.1/NMK24B/468:user/release-keys__2018-02-05;essential/mata/mata:8.1.0/OPM1.180104.267/399:user/release-keys__2018-07-05;essential/mata/mata:9/PQ1A.190105.112/550:user/release-keys__2019-08-05;essential/mata/mata:10/QQ1A.200105.032/540:user/release-keys__2020-02-05",
  "MANUFACTURER": "Essential",
  "MODEL": "PH-1",
  "PRODUCT": "mata",
  "DEVICE": "mata",
  "BRAND": "essential",
  "FINGERPRINT": "essential/mata/mata:9/PQ1A.190105.112/550:user/release-keys",
  "SECURITY_PATCH": "2019-08-05",
  "BUILD_ID": "PQ1A.190105.112",
  "RELEASE": "9",
  "INCREMENTAL": "550",
  "TYPE": "user",
  "TAGS": "release-keys",
  "FIRST_API_LEVEL": "25"
}
