{
  "COMMENT": "Huawei Mate 9 MHA-L29 (9):Huawei:MHA-L29=HUAWEI/MHA-L29/HWMHA:9/HUAWEIMHA-L29/9.1.0.275C432:user/release-keys__2020-05-01",
  "MANUFACTURER": "Huawei",
  "MODEL": "MHA-L29",
  "PRODUCT": "MHA-L29",
  "DEVICE": "HWMHA",
  "BRAND": "HUAWEI",
  "FINGERPRINT": "HUAWEI/MHA-L29/HWMHA:9/HUAWEIMHA-L29/9.1.0.275C432:user/release-keys",
  "SECURITY_PATCH": "2020-05-01",
  "BUILD_ID": "HUAWEIMHA-L29",
  "RELEASE": "9",
  "INCREMENTAL": "9.1.0.275C432",
  "TYPE": "user",
  "TAGS": "release-keys",
  "FIRST_API_LEVEL": "28"
}
