{
  "COMMENT": "POCO F2 Pro Europe (10):POCO:POCO F2 Pro=POCO/lmi_eea/lmi:10/QKQ1.191117.002/V12.0.3.0.QJKEUXM:user/release-keys__2020-09-01",
  "MANUFACTURER": "POCO",
  "MODEL": "POCO F2 Pro",
  "PRODUCT": "lmi_eea",
  "DEVICE": "lmi",
  "BRAND": "POCO",
  "FINGERPRINT": "POCO/lmi_eea/lmi:10/QKQ1.191117.002/V12.0.3.0.QJKEUXM:user/release-keys",
  "SECURITY_PATCH": "2020-09-01",
  "BUILD_ID": "QKQ1.191117.002",
  "RELEASE": "10",
  "INCREMENTAL": "V12.0.3.0.QJKEUXM",
  "TYPE": "user",
  "TAGS": "release-keys",
  "FIRST_API_LEVEL": "29"
}
