{
  "COMMENT": "LG V20 H918 (8.0.0):LGE:LG-H918=lge/elsa_tmo_us/elsa:8.0.0/OPR1.170623.032/1831917495b33:user/release-keys__2018-11-01",
  "MANUFACTURER": "LGE",
  "MODEL": "LG-H918",
  "PRODUCT": "elsa_tmo_us",
  "DEVICE": "elsa",
  "BRAND": "lge",
  "FINGERPRINT": "lge/elsa_tmo_us/elsa:8.0.0/OPR1.170623.032/1831917495b33:user/release-keys",
  "SECURITY_PATCH": "2018-11-01",
  "BUILD_ID": "OPR1.170623.032",
  "RELEASE": "8.0.0",
  "INCREMENTAL": "1831917495b33",
  "TYPE": "user",
  "TAGS": "release-keys",
  "FIRST_API_LEVEL": "26"
}
