{
  "COMMENT": "Huawei Honor 8X JSN-L21 (8.1.0):Huawei:JSN-L21=HONOR/JSN-L21RU/HWJSN-H:8.1.0/HONORJSN-L21/101(C10):user/release-keys__2018-10-01",
  "MANUFACTURER": "Huawei",
  "MODEL": "JSN-L21",
  "PRODUCT": "JSN-L21RU",
  "DEVICE": "HWJSN-H",
  "BRAND": "HONOR",
  "FINGERPRINT": "HONOR/JSN-L21RU/HWJSN-H:8.1.0/HONORJSN-L21/101(C10):user/release-keys",
  "SECURITY_PATCH": "2018-10-01",
  "BUILD_ID": "HONORJSN-L21",
  "RELEASE": "8.1.0",
  "INCREMENTAL": "101(C10)",
  "TYPE": "user",
  "TAGS": "release-keys",
  "FIRST_API_LEVEL": "27"
}
