{
  "COMMENT": "OnePlus Nord CE EB13AA (11):OnePlus:EB13AA=OnePlus/OnePlusNordCE/OnePlusNordCE:11/RKQ1.201217.002/2109160900:user/release-keys__2021-09-01",
  "MANUFACTURER": "Oneplus",
  "MODEL": "EB13AA",
  "PRODUCT": "OnePlusNordCE",
  "DEVICE": "OnePlusNordCE",
  "BRAND": "OnePlus",
  "FINGERPRINT": "OnePlus/OnePlusNordCE/OnePlusNordCE:11/RKQ1.201217.002/2109160900:user/release-keys",
  "SECURITY_PATCH": "2021-09-01",
  "BUILD_ID": "RKQ1.201217.002",
  "RELEASE": "11",
  "INCREMENTAL": "2109160900",
  "TYPE": "user",
  "TAGS": "release-keys",
  "FIRST_API_LEVEL": "30"
}
