{
  "COMMENT": "Realme XT RMX1921 (10):Realme:RMX1921=realme/RMX1921/RMX1921:10/QKQ1.190918.001/1619577165:user/release-keys__2021-05-05",
  "MANUFACTURER": "Realme",
  "MODEL": "RMX1921",
  "PRODUCT": "RMX1921",
  "DEVICE": "RMX1921",
  "BRAND": "realme",
  "FINGERPRINT": "realme/RMX1921/RMX1921:10/QKQ1.190918.001/1619577165:user/release-keys",
  "SECURITY_PATCH": "2021-05-05",
  "BUILD_ID": "QKQ1.190918.001",
  "RELEASE": "10",
  "INCREMENTAL": "1619577165",
  "TYPE": "user",
  "TAGS": "release-keys",
  "FIRST_API_LEVEL": "29"
}
