{
  "COMMENT": "OnePlus 8T T-Mobile KB2007 (11):OnePlus:KB2007=OnePlus/OnePlus8TTMO/OnePlus8TTMO:11/RP1A.201005.001/2108091917:user/release-keys__2021-08-01",
  "MANUFACTURER": "Oneplus",
  "MODEL": "KB2007",
  "PRODUCT": "OnePlus8TTMO",
  "DEVICE": "OnePlus8TTMO",
  "BRAND": "OnePlus",
  "FINGERPRINT": "OnePlus/OnePlus8TTMO/OnePlus8TTMO:11/RP1A.201005.001/2108091917:user/release-keys",
  "SECURITY_PATCH": "2021-08-01",
  "BUILD_ID": "RP1A.201005.001",
  "RELEASE": "11",
  "INCREMENTAL": "2108091917",
  "TYPE": "user",
  "TAGS": "release-keys",
  "FIRST_API_LEVEL": "30"
}
