{
  "COMMENT": "Redmi K30S Ultra China (10):Redmi:M2007J3SC=Redmi/apollo/apollo:10/QKQ1.200419.002/V12.0.3.0.QJDCNXM:user/release-keys__2020-09-01",
  "MANUFACTURER": "Redmi",
  "MODEL": "M2007J3SC",
  "PRODUCT": "apollo",
  "DEVICE": "apollo",
  "BRAND": "Redmi",
  "FINGERPRINT": "Redmi/apollo/apollo:10/QKQ1.200419.002/V12.0.3.0.QJDCNXM:user/release-keys",
  "SECURITY_PATCH": "2020-09-01",
  "BUILD_ID": "QKQ1.200419.002",
  "RELEASE": "10",
  "INCREMENTAL": "V12.0.3.0.QJDCNXM",
  "TYPE": "user",
  "TAGS": "release-keys",
  "FIRST_API_LEVEL": "29"
}
