{
  "COMMENT": "Asus ZenFone 5Z ASUS_Z01RD (9):Asus:ASUS_Z01RD=asus/WW_Z01RD/ASUS_Z01R_1:9/PPR1.180610.009/WW_90.11.162.72_20190531:user/release-keys__2019-05-01",
  "MANUFACTURER": "Asus",
  "MODEL": "ASUS_Z01RD",
  "PRODUCT": "WW_Z01RD",
  "DEVICE": "ASUS_Z01R_1",
  "BRAND": "asus",
  "FINGERPRINT": "asus/WW_Z01RD/ASUS_Z01R_1:9/PPR1.180610.009/WW_90.11.162.72_20190531:user/release-keys",
  "SECURITY_PATCH": "2019-05-01",
  "BUILD_ID": "PPR1.180610.009",
  "RELEASE": "9",
  "INCREMENTAL": "WW_90.11.162.72_20190531",
  "TYPE": "user",
  "TAGS": "release-keys",
  "FIRST_API_LEVEL": "28"
}
