{
  "COMMENT": "Motorola Moto G6 Play (8.0.0 & 9):Motorola:moto g(6) play=motorola/jeter_sprint/jeter:8.0.0/OCP27.91-23/23:user/release-keys;motorola/aljeter/aljeter:9/PPP29.55-25/08c6:user/release-keys__2019-01-01",
  "MANUFACTURER": "Motorola",
  "MODEL": "moto g(6) play",
  "PRODUCT": "jeter_sprint",
  "DEVICE": "jeter",
  "BRAND": "motorola",
  "FINGERPRINT": "motorola/jeter_sprint/jeter:8.0.0/OCP27.91-23/23:user/release-keys",
  "BUILD_ID": "OCP27.91-23",
  "RELEASE": "8.0.0",
  "INCREMENTAL": "23",
  "TYPE": "user",
  "TAGS": "release-keys",
  "FIRST_API_LEVEL": "26"
}
