{
  "COMMENT": "Nvidia Shield Tablet K1 (7.0):NVIDIA:SHIELD Tablet=nvidia/sb_na_wf/shieldtablet:7.0/NRD90M/1928188_1065.2559:user/release-keys",
  "MANUFACTURER": "NVIDIA",
  "MODEL": "SHIELD Tablet",
  "PRODUCT": "sb_na_wf",
  "DEVICE": "shieldtablet",
  "BRAND": "nvidia",
  "FINGERPRINT": "nvidia/sb_na_wf/shieldtablet:7.0/NRD90M/1928188_1065.2559:user/release-keys",
  "BUILD_ID": "NRD90M",
  "RELEASE": "7.0",
  "INCREMENTAL": "1928188_1065.2559",
  "TYPE": "user",
  "TAGS": "release-keys",
  "FIRST_API_LEVEL": "24"
}
