{
  "COMMENT": "Nvidia Shield TV 2019 Pro (9):NVIDIA:SHIELD Android TV=NVIDIA/mdarcy/mdarcy:9/PPR1.180610.011/4079208_2740.7538:user/release-keys__2021-04-05",
  "MANUFACTURER": "NVIDIA",
  "MODEL": "SHIELD Android TV",
  "PRODUCT": "mdarcy",
  "DEVICE": "mdarcy",
  "BRAND": "NVIDIA",
  "FINGERPRINT": "NVIDIA/mdarcy/mdarcy:9/PPR1.180610.011/4079208_2740.7538:user/release-keys",
  "SECURITY_PATCH": "2021-04-05",
  "BUILD_ID": "PPR1.180610.011",
  "RELEASE": "9",
  "INCREMENTAL": "4079208_2740.7538",
  "TYPE": "user",
  "TAGS": "release-keys",
  "FIRST_API_LEVEL": "28"
}
