{
  "COMMENT": "Asus ZenFone 7/7 Pro Global ASUS_I002D (10):Asus:ASUS_I002D=asus/WW_I002D/ASUS_I002D:10/QKQ1.200127.002/29.12.18.14_20200902:user/release-keys__2020-07-05",
  "MANUFACTURER": "Asus",
  "MODEL": "ASUS_I002D",
  "PRODUCT": "WW_I002D",
  "DEVICE": "ASUS_I002D",
  "BRAND": "asus",
  "FINGERPRINT": "asus/WW_I002D/ASUS_I002D:10/QKQ1.200127.002/29.12.18.14_20200902:user/release-keys",
  "SECURITY_PATCH": "2020-07-05",
  "BUILD_ID": "QKQ1.200127.002",
  "RELEASE": "10",
  "INCREMENTAL": "29.12.18.14_20200902",
  "TYPE": "user",
  "TAGS": "release-keys",
  "FIRST_API_LEVEL": "29"
}
