{
  "COMMENT": "Motorola Moto G5 Plus (7.0):Motorola:Moto G (5) Plus=motorola/potter_n/potter_n:7.0/NPNS25.137-33-11/11:user/release-keys",
  "MANUFACTURER": "Motorola",
  "MODEL": "Moto G (5) Plus",
  "PRODUCT": "potter_n",
  "DEVICE": "potter_n",
  "BRAND": "motorola",
  "FINGERPRINT": "motorola/potter_n/potter_n:7.0/NPNS25.137-33-11/11:user/release-keys",
  "BUILD_ID": "NPNS25.137-33-11",
  "RELEASE": "7.0",
  "INCREMENTAL": "11",
  "TYPE": "user",
  "TAGS": "release-keys",
  "FIRST_API_LEVEL": "24"
}
