{
  "COMMENT": "Motorola Moto G5S (7.1.1 & 8.1.0):Motorola:Moto G (5S)=motorola/montana/montana:7.1.1/NPPS26.102-49-8/6:user/release-keys;motorola/montana/montana:8.1.0/OPPS28.65-37-7-11/7f8a6:user/release-keys__2019-08-01",
  "MANUFACTURER": "Motorola",
  "MODEL": "Moto G (5S)",
  "PRODUCT": "montana",
  "DEVICE": "montana",
  "BRAND": "motorola",
  "FINGERPRINT": "motorola/montana/montana:8.1.0/OPPS28.65-37-7-11/7f8a6:user/release-keys",
  "SECURITY_PATCH": "2019-08-01",
  "BUILD_ID": "OPPS28.65-37-7-11",
  "RELEASE": "8.1.0",
  "INCREMENTAL": "7f8a6",
  "TYPE": "user",
  "TAGS": "release-keys",
  "FIRST_API_LEVEL": "25"
}
