{
  "COMMENT": "Meizu 16th (8.1.0):Meizu:M1882=Meizu/meizu_16th/16th:8.1.0/OPM1.171019.026/1554756792:user/release-keys__2019-03-01",
  "MANUFACTURER": "Meizu",
  "MODEL": "M1882",
  "PRODUCT": "meizu_16th",
  "DEVICE": "16th",
  "BRAND": "Meizu",
  "FINGERPRINT": "Meizu/meizu_16th/16th:8.1.0/OPM1.171019.026/1554756792:user/release-keys",
  "SECURITY_PATCH": "2019-03-01",
  "BUILD_ID": "OPM1.171019.026",
  "RELEASE": "8.1.0",
  "INCREMENTAL": "1554756792",
  "TYPE": "user",
  "TAGS": "release-keys",
  "FIRST_API_LEVEL": "27"
}
