{
  "COMMENT": "Nvidia Shield TV 2015 Pro (8.0.0 & 9):NVIDIA:SHIELD Android TV=NVIDIA/foster_e_hdd/foster:8.0.0/OPR6.170623.010/3507953_1441.7411:user/release-keys__2018-12-05;NVIDIA/foster_e_hdd/foster:9/PPR1.180610.011/4079208_2740.7538:user/release-keys__2021-04-05",
  "MANUFACTURER": "NVIDIA",
  "MODEL": "SHIELD Android TV",
  "PRODUCT": "foster_e_hdd",
  "DEVICE": "foster",
  "BRAND": "NVIDIA",
  "FINGERPRINT": "NVIDIA/foster_e_hdd/foster:9/PPR1.180610.011/4079208_2740.7538:user/release-keys",
  "SECURITY_PATCH": "2021-04-05",
  "BUILD_ID": "PPR1.180610.011",
  "RELEASE": "9",
  "INCREMENTAL": "4079208_2740.7538",
  "TYPE": "user",
  "TAGS": "release-keys",
  "FIRST_API_LEVEL": "26"
}
