{
  "COMMENT": "Google Nexus 6 (5.0 & 5.0.1 & 5.1 & 5.1.1 & 6.0 & 6.0.1 & 7.0 & 7.1.1):Motorola:Nexus 6=google/shamu/shamu:5.0/LRX21O/1570415:user/release-keys;google/shamu/shamu:5.0.1/LRX22C/1602158:user/release-keys;google/shamu/shamu:5.1/LMY47D/1743759:user/release-keys;google/shamu/shamu:5.1.1/LMY48Y/2364368:user/release-keys;google/shamu/shamu:6.0/MRA58N/2289998:user/release-keys;google/shamu/shamu:6.0.1/MOB31T/3671974:user/release-keys;google/shamu/shamu:7.0/NBD92F/3753956:user/release-keys;google/shamu/shamu:7.1.1/N6F27M/4299435:user/release-keys",
  "MANUFACTURER": "Motorola",
  "MODEL": "Nexus 6",
  "PRODUCT": "shamu",
  "DEVICE": "shamu",
  "BRAND": "google",
  "FINGERPRINT": "google/shamu/shamu:6.0/MRA58N/2289998:user/release-keys",
  "BUILD_ID": "MRA58N",
  "RELEASE": "6.0",
  "INCREMENTAL": "2289998",
  "TYPE": "user",
  "TAGS": "release-keys",
  "FIRST_API_LEVEL": "21"
}
