{
  "COMMENT": "Motorola Moto Z2 Play (8.0.0):Motorola:Moto Z2 Play=motorola/albus/albus:8.0.0/OPS27.76-12-25/26:user/release-keys",
  "MANUFACTURER": "Motorola",
  "MODEL": "Moto Z2 Play",
  "PRODUCT": "albus",
  "DEVICE": "albus",
  "BRAND": "motorola",
  "FINGERPRINT": "motorola/albus/albus:8.0.0/OPS27.76-12-25/26:user/release-keys",
  "BUILD_ID": "OPS27.76-12-25",
  "RELEASE": "8.0.0",
  "INCREMENTAL": "26",
  "TYPE": "user",
  "TAGS": "release-keys",
  "FIRST_API_LEVEL": "26"
}
