{
  "COMMENT": "Razer Phone (7.1.1 & 8.1.0 & 9):Razer:Phone=razer/cheryl/cheryl:7.1.1/NMF26X-RZR-180118/3005:user/release-keys__2018-01-05;razer/cheryl/cheryl:8.1.0/OPM1.171019.011-RZR-180803/6033:user/release-keys__2018-07-05;razer/cheryl/cheryl:9/P-MR2-RC001-RZR-N/7083:user/release-keys__2019-11-05",
  "MANUFACTURER": "Razer",
  "MODEL": "Phone",
  "PRODUCT": "cheryl",
  "DEVICE": "cheryl",
  "BRAND": "razer",
  "FINGERPRINT": "razer/cheryl/cheryl:7.1.1/NMF26X-RZR-180118/3005:user/release-keys",
  "SECURITY_PATCH": "2018-01-05",
  "BUILD_ID": "NMF26X-RZR-180118",
  "RELEASE": "7.1.1",
  "INCREMENTAL": "3005",
  "TYPE": "user",
  "TAGS": "release-keys",
  "FIRST_API_LEVEL": "25"
}
