{
  "COMMENT": "POCO M3 Pro 5G Indonesia (11):POCO:M2103K19PG=POCO/camellian_p_id/camellian:11/RP1A.200720.011/V12.0.3.0.RKSIDXM:user/release-keys__2021-06-01",
  "MANUFACTURER": "POCO",
  "MODEL": "M2103K19PG",
  "PRODUCT": "camellian_p_id",
  "DEVICE": "camellian",
  "BRAND": "POCO",
  "FINGERPRINT": "POCO/camellian_p_id/camellian:11/RP1A.200720.011/V12.0.3.0.RKSIDXM:user/release-keys",
  "SECURITY_PATCH": "2021-06-01",
  "BUILD_ID": "RP1A.200720.011",
  "RELEASE": "11",
  "INCREMENTAL": "V12.0.3.0.RKSIDXM",
  "TYPE": "user",
  "TAGS": "release-keys",
  "FIRST_API_LEVEL": "30"
}
