{
  "COMMENT": "Huawei Mate 10 Pro BLA-L29 (8.0.0):Huawei:BLA-L29=HUAWEI/BLA-L29/HWBLA:8.0.0/HUAWEIBLA-L29S/137(C432):user/release-keys",
  "MANUFACTURER": "Huawei",
  "MODEL": "BLA-L29",
  "PRODUCT": "BLA-L29",
  "DEVICE": "HWBLA",
  "BRAND": "HUAWEI",
  "FINGERPRINT": "HUAWEI/BLA-L29/HWBLA:8.0.0/HUAWEIBLA-L29S/137(C432):user/release-keys",
  "BUILD_ID": "HUAWEIBLA-L29S",
  "RELEASE": "8.0.0",
  "INCREMENTAL": "137(C432)",
  "TYPE": "user",
  "TAGS": "release-keys",
  "FIRST_API_LEVEL": "26"
}
