{
  "COMMENT": "Meizu 17 (10):meizu:meizu 17=meizu/meizu_17_N_CN/meizu17:10/QKQ1.200223.002/1599445800:user/release-keys__2020-07-01",
  "MANUFACTURER": "Meizu",
  "MODEL": "meizu 17",
  "PRODUCT": "meizu_17_N_CN",
  "DEVICE": "meizu17",
  "BRAND": "meizu",
  "FINGERPRINT": "meizu/meizu_17_N_CN/meizu17:10/QKQ1.200223.002/1599445800:user/release-keys",
  "SECURITY_PATCH": "2020-07-01",
  "BUILD_ID": "QKQ1.200223.002",
  "RELEASE": "10",
  "INCREMENTAL": "1599445800",
  "TYPE": "user",
  "TAGS": "release-keys",
  "FIRST_API_LEVEL": "29"
}
