{
  "COMMENT": "Motorola Moto E4 (7.1.1):Motorola:Moto E (4)=motorola/sperry_sprint/sperry:7.1.1/NCQ26.69-64/68:user/release-keys",
  "MANUFACTURER": "Motorola",
  "MODEL": "Moto E (4)",
  "PRODUCT": "sperry_sprint",
  "DEVICE": "sperry",
  "BRAND": "motorola",
  "FINGERPRINT": "motorola/sperry_sprint/sperry:7.1.1/NCQ26.69-64/68:user/release-keys",
  "BUILD_ID": "NCQ26.69-64",
  "RELEASE": "7.1.1",
  "INCREMENTAL": "68",
  "TYPE": "user",
  "TAGS": "release-keys",
  "FIRST_API_LEVEL": "25"
}
