{
  "COMMENT": "LG K20 Plus LGMP260 (7.0):LGE:LGMP260=MetroPCS/lv517_mpcs_us/lv517:7.0/NRD90U/1833409570571:user/release-keys__2018-12-01",
  "MANUFACTURER": "LGE",
  "MODEL": "LGMP260",
  "PRODUCT": "lv517_mpcs_us",
  "DEVICE": "lv517",
  "BRAND": "MetroPCS",
  "FINGERPRINT": "MetroPCS/lv517_mpcs_us/lv517:7.0/NRD90U/1833409570571:user/release-keys",
  "SECURITY_PATCH": "2018-12-01",
  "BUILD_ID": "NRD90U",
  "RELEASE": "7.0",
  "INCREMENTAL": "1833409570571",
  "TYPE": "user",
  "TAGS": "release-keys",
  "FIRST_API_LEVEL": "24"
}
