{
  "COMMENT": "Motorola Moto G6 Play (8.0.0 & 9):Motorola:moto g(6) play=motorola/jeter_sprint/jeter:8.0.0/OCP27.91-23/23:user/release-keys;motorola/aljeter/aljeter:9/PPP29.55-25/08c6:user/release-keys__2019-01-01",
  "MANUFACTURER": "Motorola",
  "MODEL": "moto g(6) play",
  "PRODUCT": "aljeter",
  "DEVICE": "aljeter",
  "BRAND": "motorola",
  "FINGERPRINT": "motorola/aljeter/aljeter:9/PPP29.55-25/08c6:user/release-keys",
  "SECURITY_PATCH": "2019-01-01",
  "BUILD_ID": "PPP29.55-25",
  "RELEASE": "9",
  "INCREMENTAL": "08c6",
  "TYPE": "user",
  "TAGS": "release-keys",
  "FIRST_API_LEVEL": "26"
}
