{
  "COMMENT": "Samsung Galaxy A7 2018 SM-A750GN (9 & 10):samsung:SM-A750GN=samsung/a7y18ltedx/a7y18lte:9/PPR1.180610.011/A750GNDXU2BSD2:user/release-keys__2019-04-01;samsung/a7y18ltedx/a7y18lte:10/QP1A.190711.020/A750GNDXU6CUA1:user/release-keys__2021-01-01",
  "MANUFACTURER": "Samsung",
  "MODEL": "SM-A750GN",
  "PRODUCT": "a7y18ltedx",
  "DEVICE": "a7y18lte",
  "BRAND": "samsung",
  "FINGERPRINT": "samsung/a7y18ltedx/a7y18lte:10/QP1A.190711.020/A750GNDXU6CUA1:user/release-keys",
  "SECURITY_PATCH": "2021-01-01",
  "BUILD_ID": "QP1A.190711.020",
  "RELEASE": "10",
  "INCREMENTAL": "A750GNDXU6CUA1",
  "TYPE": "user",
  "TAGS": "release-keys",
  "FIRST_API_LEVEL": "28"
}
