{
  "COMMENT": "Fairphone 2 (6.0.1):Fairphone:FP2=Fairphone/FP2/FP2:6.0.1/FP2-gms-17.09.3/FP2-gms-17.09.3:user/release-keys",
  "MANUFACTURER": "Fairphone",
  "MODEL": "FP2",
  "PRODUCT": "FP2",
  "DEVICE": "FP2",
  "BRAND": "Fairphone",
  "FINGERPRINT": "Fairphone/FP2/FP2:6.0.1/FP2-gms-17.09.3/FP2-gms-17.09.3:user/release-keys",
  "BUILD_ID": "FP2-gms-17.09.3",
  "RELEASE": "6.0.1",
  "INCREMENTAL": "FP2-gms-17.09.3",
  "TYPE": "user",
  "TAGS": "release-keys",
  "FIRST_API_LEVEL": "23"
}
