{
  "COMMENT": "OnePlus Nord 2 Europe DN2103 (11):OnePlus:DN2103=OnePlus/DN2103EEA/OP515BL1:11/RP1A.200720.011/1632390704634:user/release-keys__2021-09-05",
  "MANUFACTURER": "Oneplus",
  "MODEL": "DN2103",
  "PRODUCT": "DN2103EEA",
  "DEVICE": "OP515BL1",
  "BRAND": "OnePlus",
  "FINGERPRINT": "OnePlus/DN2103EEA/OP515BL1:11/RP1A.200720.011/1632390704634:user/release-keys",
  "SECURITY_PATCH": "2021-09-05",
  "BUILD_ID": "RP1A.200720.011",
  "RELEASE": "11",
  "INCREMENTAL": "1632390704634",
  "TYPE": "user",
  "TAGS": "release-keys",
  "FIRST_API_LEVEL": "30"
}
