{
  "COMMENT": "Redmi Note 10 Pro Global (11):Redmi:M2101K6G=Redmi/sweet_global/sweet:11/RKQ1.200826.002/V12.0.6.0.RKFMIXM:user/release-keys__2021-03-01",
  "MANUFACTURER": "Redmi",
  "MODEL": "M2101K6G",
  "PRODUCT": "sweet_global",
  "DEVICE": "sweet",
  "BRAND": "Redmi",
  "FINGERPRINT": "Redmi/sweet_global/sweet:11/RKQ1.200826.002/V12.0.6.0.RKFMIXM:user/release-keys",
  "SECURITY_PATCH": "2021-03-01",
  "BUILD_ID": "RKQ1.200826.002",
  "RELEASE": "11",
  "INCREMENTAL": "V12.0.6.0.RKFMIXM",
  "TYPE": "user",
  "TAGS": "release-keys",
  "FIRST_API_LEVEL": "30"
}
