{
  "COMMENT": "Nextbook Ares 8A (6.0.1):Nextbook:NX16A8116K=NextBook/NX16A8116K/NX16A8116K:6.0.1/MMB29M/V4.0.3:user/release-keys",
  "MANUFACTURER": "Nextbook",
  "MODEL": "NX16A8116K",
  "PRODUCT": "NX16A8116K",
  "DEVICE": "NX16A8116K",
  "BRAND": "NextBook",
  "FINGERPRINT": "NextBook/NX16A8116K/NX16A8116K:6.0.1/MMB29M/V4.0.3:user/release-keys",
  "BUILD_ID": "MMB29M",
  "RELEASE": "6.0.1",
  "INCREMENTAL": "V4.0.3",
  "TYPE": "user",
  "TAGS": "release-keys",
  "FIRST_API_LEVEL": "23"
}
