{
  "COMMENT": "OnePlus 7 Pro NR Sprint GM1925 (9 & 10):OnePlus:GM1925=OnePlus/OP7ProNRSpr/OP7ProNRSpr:9/PKQ1.190223.001/1908201041:user/release-keys__2019-08-01;OnePlus/OP7ProNRSpr/OP7ProNRSpr:10/QKQ1.190716.003/2109301958:user/release-keys__2021-10-01",
  "MANUFACTURER": "Oneplus",
  "MODEL": "GM1925",
  "PRODUCT": "OP7ProNRSpr",
  "DEVICE": "OP7ProNRSpr",
  "BRAND": "OnePlus",
  "FINGERPRINT": "OnePlus/OP7ProNRSpr/OP7ProNRSpr:9/PKQ1.190223.001/1908201041:user/release-keys",
  "SECURITY_PATCH": "2019-08-01",
  "BUILD_ID": "PKQ1.190223.001",
  "RELEASE": "9",
  "INCREMENTAL": "1908201041",
  "TYPE": "user",
  "TAGS": "release-keys",
  "FIRST_API_LEVEL": "28"
}
