{
  "COMMENT": "Huawei P20 Pro CLT-L29 (8.1.0 & 9):Huawei:CLT-L29=HUAWEI/CLT-L29/HWCLT:8.1.0/HUAWEICLT-L29/128(C432):user/release-keys;HUAWEI/CLT-L09/HWCLT:9/HUAWEICLT-L09/203C432R1:user/release-keys__2019-02-01",
  "MANUFACTURER": "Huawei",
  "MODEL": "CLT-L29",
  "PRODUCT": "CLT-L09",
  "DEVICE": "HWCLT",
  "BRAND": "HUAWEI",
  "FINGERPRINT": "HUAWEI/CLT-L09/HWCLT:9/HUAWEICLT-L09/203C432R1:user/release-keys",
  "SECURITY_PATCH": "2019-02-01",
  "BUILD_ID": "HUAWEICLT-L09",
  "RELEASE": "9",
  "INCREMENTAL": "203C432R1",
  "TYPE": "user",
  "TAGS": "release-keys",
  "FIRST_API_LEVEL": "27"
}
