{
  "COMMENT": "Nokia 6.1 Plus (9 & 10):Nokia:Nokia 6.1 Plus=Nokia/Dragon_00WW/DRG_sprout:9/PPR1.180610.011/00WW_3_54J:user/release-keys__2019-08-01;Nokia/Dragon_00WW/DRG_sprout:10/QKQ1.190828.002/00WW_4_15T:user/release-keys__2021-08-01",
  "MANUFACTURER": "Nokia",
  "MODEL": "Nokia 6.1 Plus",
  "PRODUCT": "Dragon_00WW",
  "DEVICE": "DRG_sprout",
  "BRAND": "Nokia",
  "FINGERPRINT": "Nokia/Dragon_00WW/DRG_sprout:10/QKQ1.190828.002/00WW_4_15T:user/release-keys",
  "SECURITY_PATCH": "2021-08-01",
  "BUILD_ID": "QKQ1.190828.002",
  "RELEASE": "10",
  "INCREMENTAL": "00WW_4_15T",
  "TYPE": "user",
  "TAGS": "release-keys",
  "FIRST_API_LEVEL": "28"
}
