{
  "COMMENT": "Samsung Galaxt Tab A LTE SM-T595 (9):Samsung:SM-T595=samsung/gta2xlltexx/gta2xllte:9/PPR1.180610.011/T595XXU3BSF3:user/release-keys__2019-06-01",
  "MANUFACTURER": "Samsung",
  "MODEL": "SM-T595",
  "PRODUCT": "gta2xlltexx",
  "DEVICE": "gta2xllte",
  "BRAND": "samsung",
  "FINGERPRINT": "samsung/gta2xlltexx/gta2xllte:9/PPR1.180610.011/T595XXU3BSF3:user/release-keys",
  "SECURITY_PATCH": "2019-06-01",
  "BUILD_ID": "PPR1.180610.011",
  "RELEASE": "9",
  "INCREMENTAL": "T595XXU3BSF3",
  "TYPE": "user",
  "TAGS": "release-keys",
  "FIRST_API_LEVEL": "28"
}
