{
  "COMMENT": "LG V30 H930 (8.0.0):LGE:LG-H930=lge/joan_global_com/joan:8.0.0/OPR1.170623.026/181381736b4e9:user/release-keys__2018-11-05",
  "MANUFACTURER": "LGE",
  "MODEL": "LG-H930",
  "PRODUCT": "joan_global_com",
  "DEVICE": "joan",
  "BRAND": "lge",
  "FINGERPRINT": "lge/joan_global_com/joan:8.0.0/OPR1.170623.026/181381736b4e9:user/release-keys",
  "SECURITY_PATCH": "2018-11-05",
  "BUILD_ID": "OPR1.170623.026",
  "RELEASE": "8.0.0",
  "INCREMENTAL": "181381736b4e9",
  "TYPE": "user",
  "TAGS": "release-keys",
  "FIRST_API_LEVEL": "26"
}
