{
  "COMMENT": "OnePlus 8T Global KB2005 (11):OnePlus:KB2005=OnePlus/OnePlus8T/OnePlus8T:11/RP1A.201005.001/2110091917:user/release-keys__2021-10-01",
  "MANUFACTURER": "Oneplus",
  "MODEL": "KB2005",
  "PRODUCT": "OnePlus8T",
  "DEVICE": "OnePlus8T",
  "BRAND": "OnePlus",
  "FINGERPRINT": "OnePlus/OnePlus8T/OnePlus8T:11/RP1A.201005.001/2110091917:user/release-keys",
  "SECURITY_PATCH": "2021-10-01",
  "BUILD_ID": "RP1A.201005.001",
  "RELEASE": "11",
  "INCREMENTAL": "2110091917",
  "TYPE": "user",
  "TAGS": "release-keys",
  "FIRST_API_LEVEL": "30"
}
