{
  "COMMENT": "Samsung Galaxy Core Prime SM-G361F (5.1.1):Samsung:SM-G361F=samsung/coreprimeveltexx/coreprimevelte:5.1.1/LMY48B/G361FXXU1APB1:user/release-keys",
  "MANUFACTURER": "Samsung",
  "MODEL": "SM-G361F",
  "PRODUCT": "coreprimeveltexx",
  "DEVICE": "coreprimevelte",
  "BRAND": "samsung",
  "FINGERPRINT": "samsung/coreprimeveltexx/coreprimevelte:5.1.1/LMY48B/G361FXXU1APB1:user/release-keys",
  "BUILD_ID": "LMY48B",
  "RELEASE": "5.1.1",
  "INCREMENTAL": "G361FXXU1APB1",
  "TYPE": "user",
  "TAGS": "release-keys",
  "FIRST_API_LEVEL": "22"
}
