{
  "COMMENT": "Google Pixel 4a 5G (11 & 12):Google:Pixel 4a (5G)=google/bramble/bramble:11/RQ3A.211001.001/7641976:user/release-keys__2021-10-01;google/bramble/bramble:12/SP1A.210812.015/7679548:user/release-keys__2021-10-05",
  "MANUFACTURER": "Google",
  "MODEL": "Pixel 4a (5G)",
  "PRODUCT": "bramble",
  "DEVICE": "bramble",
  "BRAND": "google",
  "FINGERPRINT": "google/bramble/bramble:12/SP1A.210812.015/7679548:user/release-keys",
  "SECURITY_PATCH": "2021-10-05",
  "BUILD_ID": "SP1A.210812.015",
  "RELEASE": "12",
  "INCREMENTAL": "7679548",
  "TYPE": "user",
  "TAGS": "release-keys",
  "FIRST_API_LEVEL": "30"
}
