{
  "COMMENT": "Motorola Moto G Pro (11):motorola:moto g pro=motorola/sofiap_ao/sofiap_sprout:11/RPRS31.Q4U-20-36/f72e82:user/release-keys__2021-07-01",
  "MANUFACTURER": "Motorola",
  "MODEL": "moto g pro",
  "PRODUCT": "sofiap_ao",
  "DEVICE": "sofiap_sprout",
  "BRAND": "motorola",
  "FINGERPRINT": "motorola/sofiap_ao/sofiap_sprout:11/RPRS31.Q4U-20-36/f72e82:user/release-keys",
  "SECURITY_PATCH": "2021-07-01",
  "BUILD_ID": "RPRS31.Q4U-20-36",
  "RELEASE": "11",
  "INCREMENTAL": "f72e82",
  "TYPE": "user",
  "TAGS": "release-keys",
  "FIRST_API_LEVEL": "30"
}
