{
  "COMMENT": "Google Nexus 5X (6.0 & 6.0.1 & 7.0 & 7.1.1 & 7.1.2 & 8.0.0 & 8.1.0):LGE:Nexus 5X=google/bullhead/bullhead:6.0/MDB08L/2343525:user/release-keys;google/bullhead/bullhead:6.0.1/MTC20K/3142008:user/release-keys;google/bullhead/bullhead:7.0/NRD91N/3318108:user/release-keys;google/bullhead/bullhead:7.1.1/N4F26U/3757780:user/release-keys;google/bullhead/bullhead:7.1.2/N2G48C/4104010:user/release-keys;google/bullhead/bullhead:8.0.0/OPR4.170623.020/4443074:user/release-keys;google/bullhead/bullhead:8.1.0/OPM7.181205.001/5080180:user/release-keys__2018-12-05",
  "MANUFACTURER": "LGE",
  "MODEL": "Nexus 5X",
  "PRODUCT": "bullhead",
  "DEVICE": "bullhead",
  "BRAND": "google",
  "FINGERPRINT": "google/bullhead/bullhead:7.0/NRD91N/3318108:user/release-keys",
  "BUILD_ID": "NRD91N",
  "RELEASE": "7.0",
  "INCREMENTAL": "3318108",
  "TYPE": "user",
  "TAGS": "release-keys",
  "FIRST_API_LEVEL": "23"
}
