{
  "COMMENT": "OnePlus N10 5G Global BE2026 (10 & 11):OnePlus:BE2026=OnePlus/OnePlusN10/OnePlusN10:10/QKQ1.200830.002/2104271142:user/release-keys__2021-05-05;OnePlus/OnePlusN10/OnePlusN10:11/RKQ1.201217.002/2109301843:user/release-keys__2021-10-01",
  "MANUFACTURER": "Oneplus",
  "MODEL": "BE2026",
  "PRODUCT": "OnePlusN10",
  "DEVICE": "OnePlusN10",
  "BRAND": "OnePlus",
  "FINGERPRINT": "OnePlus/OnePlusN10/OnePlusN10:11/RKQ1.201217.002/2109301843:user/release-keys",
  "SECURITY_PATCH": "2021-10-01",
  "BUILD_ID": "RKQ1.201217.002",
  "RELEASE": "11",
  "INCREMENTAL": "2109301843",
  "TYPE": "user",
  "TAGS": "release-keys",
  "FIRST_API_LEVEL": "29"
}
