{
  "COMMENT": "Motorola Moto X Play (7.1.1):motorola:XT1562=motorola/lux_retasia_ds/lux_uds:7.1.1/NPD26.48-24-1/1:user/release-keys",
  "MANUFACTURER": "Motorola",
  "MODEL": "XT1562",
  "PRODUCT": "lux_retasia_ds",
  "DEVICE": "lux_uds",
  "BRAND": "motorola",
  "FINGERPRINT": "motorola/lux_retasia_ds/lux_uds:7.1.1/NPD26.48-24-1/1:user/release-keys",
  "BUILD_ID": "NPD26.48-24-1",
  "RELEASE": "7.1.1",
  "INCREMENTAL": "1",
  "TYPE": "user",
  "TAGS": "release-keys",
  "FIRST_API_LEVEL": "25"
}
