{
  "COMMENT": "Asus ZenFone 2 Laser ASUS_Z00LD (6.0.1):Asus:ASUS_Z00LD=asus/WW_Z00L/ASUS_Z00L_63:6.0.1/MMB29P/WW_user_21.40.1220.2196_20180308:user/release-keys",
  "MANUFACTURER": "Asus",
  "MODEL": "ASUS_Z00LD",
  "PRODUCT": "WW_Z00L",
  "DEVICE": "ASUS_Z00L_63",
  "BRAND": "asus",
  "FINGERPRINT": "asus/WW_Z00L/ASUS_Z00L_63:6.0.1/MMB29P/WW_user_21.40.1220.2196_20180308:user/release-keys",
  "BUILD_ID": "MMB29P",
  "RELEASE": "6.0.1",
  "INCREMENTAL": "WW_user_21.40.1220.2196_20180308",
  "TYPE": "user",
  "TAGS": "release-keys",
  "FIRST_API_LEVEL": "23"
}
