{
  "COMMENT": "OnePlus N10 5G Europe BE2029 (10 & 11):OnePlus:BE2029=OnePlus/OnePlusN10_EEA/OnePlusN10:10/QKQ1.200830.002/2104240528:user/release-keys__2021-05-05;OnePlus/OnePlusN10_EEA/OnePlusN10:11/RKQ1.201217.002/2109301839:user/release-keys__2021-10-01",
  "MANUFACTURER": "Oneplus",
  "MODEL": "BE2029",
  "PRODUCT": "OnePlusN10_EEA",
  "DEVICE": "OnePlusN10",
  "BRAND": "OnePlus",
  "FINGERPRINT": "OnePlus/OnePlusN10_EEA/OnePlusN10:10/QKQ1.200830.002/2104240528:user/release-keys",
  "SECURITY_PATCH": "2021-05-05",
  "BUILD_ID": "QKQ1.200830.002",
  "RELEASE": "10",
  "INCREMENTAL": "2104240528",
  "TYPE": "user",
  "TAGS": "release-keys",
  "FIRST_API_LEVEL": "29"
}
