{
  "COMMENT": "OnePlus 7T HD1905 (10 & 11):OnePlus:HD1905=OnePlus/OnePlus7T/OnePlus7T:10/QKQ1.190716.003/2101212100:user/release-keys__2021-01-01;OnePlus/OnePlus7T/OnePlus7T:11/RKQ1.201022.002/2110211506:user/release-keys__2021-10-01",
  "MANUFACTURER": "Oneplus",
  "MODEL": "HD1905",
  "PRODUCT": "OnePlus7T",
  "DEVICE": "OnePlus7T",
  "BRAND": "OnePlus",
  "FINGERPRINT": "OnePlus/OnePlus7T/OnePlus7T:10/QKQ1.190716.003/2101212100:user/release-keys",
  "SECURITY_PATCH": "2021-01-01",
  "BUILD_ID": "QKQ1.190716.003",
  "RELEASE": "10",
  "INCREMENTAL": "2101212100",
  "TYPE": "user",
  "TAGS": "release-keys",
  "FIRST_API_LEVEL": "29"
}
