{
  "COMMENT": "Nokia 7.1 TA-1095 (10):Nokia:Nokia 7.1=Nokia/Crystal_00WW/CTL_sprout:10/QKQ1.190828.002/00WW_4_08B:user/release-keys__2019-11-01",
  "MANUFACTURER": "Nokia",
  "MODEL": "Nokia 7.1",
  "PRODUCT": "Crystal_00WW",
  "DEVICE": "CTL_sprout",
  "BRAND": "Nokia",
  "FINGERPRINT": "Nokia/Crystal_00WW/CTL_sprout:10/QKQ1.190828.002/00WW_4_08B:user/release-keys",
  "SECURITY_PATCH": "2019-11-01",
  "BUILD_ID": "QKQ1.190828.002",
  "RELEASE": "10",
  "INCREMENTAL": "00WW_4_08B",
  "TYPE": "user",
  "TAGS": "release-keys",
  "FIRST_API_LEVEL": "29"
}
