{
    "MANUFACTURER":  "DIGMA",
    "MODEL":  "Plane_1541E_4G_PS1157ML",
    "BRAND":  "DIGMA",
    "PRODUCT":  "Plane_1541E_4G",
    "DEVICE":  "PS1157ML",
    "FINGERPRINT":  "DIGMA/Plane_1541E_4G/PS1157ML:7.0/NRD90M/1488232820:user/release-keys",
    "RELEASE":  "7.0",
    "ID":  "NRD90M",
    "INCREMENTAL":  "1488232820",
    "TYPE":  "user",
    "KEYS":  "release-keys",
    "DEVICE_INITIAL_SDK_INT":  "24",
    "*.build.id":  "NRD90M",
    "*api_level":  "24",
    "ignore-FIRST_API_LEVEL":  "24",
    "_DUMP_SOURCE":  "https://specdevice.com"
}