{
    "MANUFACTURER":  "htc",
    "MODEL":  "Nexus 9",
    "BRAND":  "google",
    "PRODUCT":  "volantis",
    "DEVICE":  "flounder",
    "FINGERPRINT":  "google/volantis/flounder:7.0/NRD90M/3085278:user/release-keys",
    "RELEASE":  "7.0",
    "ID":  "NRD90M",
    "INCREMENTAL":  "3085278",
    "TYPE":  "user",
    "KEYS":  "release-keys",
    "SECURITY_PATCH":  "2016-08-05",
    "DEVICE_INITIAL_SDK_INT":  "24",
    "*.build.id":  "NRD90M",
    "*.security_patch":  "2016-08-05",
    "*api_level":  "24",
    "ignore-FIRST_API_LEVEL":  "24",
    "_DUMP_SOURCE":  "https://desktop.firmware.mobi/"
}