{
    "MANUFACTURER":  "Meizu",
    "MODEL":  "M6 Note",
    "BRAND":  "Meizu",
    "PRODUCT":  "meizu_M6Note",
    "DEVICE":  "M6Note",
    "FINGERPRINT":  "Meizu/meizu_M6Note/M6Note:7.1.2/N2G47H/m1721.Flyme_6.0.1511941566:user/release-keys",
    "RELEASE":  "7.1.2",
    "ID":  "N2G47H",
    "INCREMENTAL":  "m1721.Flyme_6.0.1511941566",
    "TYPE":  "user",
    "KEYS":  "release-keys",
    "DEVICE_INITIAL_SDK_INT":  "25",
    "*.build.id":  "N2G47H",
    "*api_level":  "25",
    "ignore-FIRST_API_LEVEL":  "25",
    "_DUMP_SOURCE":  "https://specdevice.com"
}