{
    "MANUFACTURER":  "samsung",
    "MODEL":  "SM-G9280",
    "BRAND":  "samsung",
    "PRODUCT":  "zenltezc",
    "DEVICE":  "zenltechn",
    "FINGERPRINT":  "samsung/zenltezc/zenltechn:7.0/NRD90M/G9280ZCS2CRH1:user/release-keys",
    "RELEASE":  "7.0",
    "ID":  "NRD90M",
    "INCREMENTAL":  "G9280ZCS2CRH1",
    "TYPE":  "user",
    "KEYS":  "release-keys",
    "SECURITY_PATCH":  "2018-08-01",
    "DEVICE_INITIAL_SDK_INT":  "24",
    "*.build.id":  "NRD90M",
    "*.security_patch":  "2018-08-01",
    "*api_level":  "24",
    "ignore-FIRST_API_LEVEL":  "24",
    "_DUMP_SOURCE":  "https://desktop.firmware.mobi/"
}