{
    "MANUFACTURER":  "samsung",
    "MODEL":  "SM-N9208",
    "BRAND":  "samsung",
    "PRODUCT":  "nobleltextc",
    "DEVICE":  "noblelte",
    "FINGERPRINT":  "samsung/nobleltextc/noblelte:7.0/NRD90M/N9208XXS3CQH1:user/release-keys",
    "RELEASE":  "7.0",
    "ID":  "NRD90M",
    "INCREMENTAL":  "N9208XXS3CQH1",
    "TYPE":  "user",
    "KEYS":  "release-keys",
    "SECURITY_PATCH":  "2017-08-01",
    "DEVICE_INITIAL_SDK_INT":  "24",
    "*.build.id":  "NRD90M",
    "*.security_patch":  "2017-08-01",
    "*api_level":  "24",
    "ignore-FIRST_API_LEVEL":  "24",
    "_DUMP_SOURCE":  "https://desktop.firmware.mobi/"
}