{
    "MANUFACTURER":  "samsung",
    "MODEL":  "SM-T713",
    "BRAND":  "samsung",
    "PRODUCT":  "gts28vewifixx",
    "DEVICE":  "gts28vewifi",
    "FINGERPRINT":  "samsung/gts28vewifixx/gts28vewifi:7.0/NRD90M/T713XXU2BQG2:user/release-keys",
    "RELEASE":  "7.0",
    "ID":  "NRD90M",
    "INCREMENTAL":  "T713XXU2BQG2",
    "TYPE":  "user",
    "KEYS":  "release-keys",
    "SECURITY_PATCH":  "2017-07-01",
    "DEVICE_INITIAL_SDK_INT":  "24",
    "*.build.id":  "NRD90M",
    "*.security_patch":  "2017-07-01",
    "*api_level":  "24",
    "ignore-FIRST_API_LEVEL":  "24",
    "_DUMP_SOURCE":  "https://desktop.firmware.mobi/"
}