{
    "MANUFACTURER":  "samsung",
    "MODEL":  "SM-G935F",
    "BRAND":  "samsung",
    "PRODUCT":  "hero2ltexx",
    "DEVICE":  "hero2lte",
    "FINGERPRINT":  "samsung/hero2ltexx/hero2lte:7.0/NRD90M/G935FXXS1DRA4:user/release-keys",
    "RELEASE":  "7.0",
    "ID":  "NRD90M",
    "INCREMENTAL":  "G935FXXS1DRA4",
    "TYPE":  "user",
    "KEYS":  "release-keys",
    "SECURITY_PATCH":  "2018-01-01",
    "DEVICE_INITIAL_SDK_INT":  "24",
    "*.build.id":  "NRD90M",
    "*.security_patch":  "2018-01-01",
    "*api_level":  "24",
    "ignore-FIRST_API_LEVEL":  "24",
    "_DUMP_SOURCE":  "https://desktop.firmware.mobi/"
}