{
    "MANUFACTURER":  "samsung",
    "MODEL":  "SM-G955W",
    "BRAND":  "samsung",
    "PRODUCT":  "dream2qltevl",
    "DEVICE":  "dream2qltecan",
    "FINGERPRINT":  "samsung/dream2qltevl/dream2qltecan:7.0/NRD90M/G955WVLU1AQDE:user/release-keys",
    "RELEASE":  "7.0",
    "ID":  "NRD90M",
    "INCREMENTAL":  "G955WVLU1AQDE",
    "TYPE":  "user",
    "KEYS":  "release-keys",
    "SECURITY_PATCH":  "2017-04-01",
    "DEVICE_INITIAL_SDK_INT":  "24",
    "*.build.id":  "NRD90M",
    "*.security_patch":  "2017-04-01",
    "*api_level":  "24",
    "ignore-FIRST_API_LEVEL":  "24",
    "_DUMP_SOURCE":  "https://desktop.firmware.mobi/"
}