{
    "MANUFACTURER":  "samsung",
    "MODEL":  "SM-N920L",
    "BRAND":  "samsung",
    "PRODUCT":  "nobleltelgt",
    "DEVICE":  "nobleltelgt",
    "FINGERPRINT":  "samsung/nobleltelgt/nobleltelgt:7.0/NRD90M/N920LKLU2DQC7:user/release-keys",
    "RELEASE":  "7.0",
    "ID":  "NRD90M",
    "INCREMENTAL":  "N920LKLU2DQC7",
    "TYPE":  "user",
    "KEYS":  "release-keys",
    "SECURITY_PATCH":  "2017-03-01",
    "DEVICE_INITIAL_SDK_INT":  "24",
    "*.build.id":  "NRD90M",
    "*.security_patch":  "2017-03-01",
    "*api_level":  "24",
    "ignore-FIRST_API_LEVEL":  "24",
    "_DUMP_SOURCE":  "https://desktop.firmware.mobi/"
}