{
    "MANUFACTURER":  "samsung",
    "MODEL":  "SM-C900Y",
    "BRAND":  "samsung",
    "PRODUCT":  "c9ltezt",
    "DEVICE":  "c9lte",
    "FINGERPRINT":  "samsung/c9ltezt/c9lte:7.1.1/NMF26X/C900YZTU1BQL2:user/release-keys",
    "RELEASE":  "7.1.1",
    "ID":  "NMF26X",
    "INCREMENTAL":  "C900YZTU1BQL2",
    "TYPE":  "user",
    "KEYS":  "release-keys",
    "SECURITY_PATCH":  "2017-08-01",
    "DEVICE_INITIAL_SDK_INT":  "25",
    "*.build.id":  "NMF26X",
    "*.security_patch":  "2017-08-01",
    "*api_level":  "25",
    "ignore-FIRST_API_LEVEL":  "25",
    "_DUMP_SOURCE":  "https://desktop.firmware.mobi/"
}