{
    "MANUFACTURER":  "samsung",
    "MODEL":  "SM-A910F",
    "BRAND":  "samsung",
    "PRODUCT":  "a9xproltedx",
    "DEVICE":  "a9xproltesea",
    "FINGERPRINT":  "samsung/a9xproltedx/a9xproltesea:7.0/NRD90M/A910FXXU1BQL1:user/release-keys",
    "RELEASE":  "7.0",
    "ID":  "NRD90M",
    "INCREMENTAL":  "A910FXXU1BQL1",
    "TYPE":  "user",
    "KEYS":  "release-keys",
    "SECURITY_PATCH":  "2017-08-01",
    "DEVICE_INITIAL_SDK_INT":  "24",
    "*.build.id":  "NRD90M",
    "*.security_patch":  "2017-08-01",
    "*api_level":  "24",
    "ignore-FIRST_API_LEVEL":  "24",
    "_DUMP_SOURCE":  "https://desktop.firmware.mobi/"
}