{
    "MANUFACTURER":  "samsung",
    "MODEL":  "SM-G950F",
    "BRAND":  "samsung",
    "PRODUCT":  "dreamltexx",
    "DEVICE":  "dreamlte",
    "FINGERPRINT":  "samsung/dreamltexx/dreamlte:7.0/NRD90M/G950FXXU1AQE9:user/release-keys",
    "RELEASE":  "7.0",
    "ID":  "NRD90M",
    "INCREMENTAL":  "G950FXXU1AQE9",
    "TYPE":  "user",
    "KEYS":  "release-keys",
    "SECURITY_PATCH":  "2017-05-01",
    "DEVICE_INITIAL_SDK_INT":  "24",
    "*.build.id":  "NRD90M",
    "*.security_patch":  "2017-05-01",
    "*api_level":  "24",
    "ignore-FIRST_API_LEVEL":  "24",
    "_DUMP_SOURCE":  "https://desktop.firmware.mobi/"
}