{
    "MANUFACTURER":  "samsung",
    "MODEL":  "SM-G920I",
    "BRAND":  "samsung",
    "PRODUCT":  "zerofltedv",
    "DEVICE":  "zeroflte",
    "FINGERPRINT":  "samsung/zerofltedv/zeroflte:7.0/NRD90M/G920IDVU3FQG1:user/release-keys",
    "RELEASE":  "7.0",
    "ID":  "NRD90M",
    "INCREMENTAL":  "G920IDVU3FQG1",
    "TYPE":  "user",
    "KEYS":  "release-keys",
    "SECURITY_PATCH":  "2017-07-01",
    "DEVICE_INITIAL_SDK_INT":  "24",
    "*.build.id":  "NRD90M",
    "*.security_patch":  "2017-07-01",
    "*api_level":  "24",
    "ignore-FIRST_API_LEVEL":  "24",
    "_DUMP_SOURCE":  "https://desktop.firmware.mobi/"
}