{
    "MANUFACTURER":  "samsung",
    "MODEL":  "SM-C9000",
    "BRAND":  "samsung",
    "PRODUCT":  "c9ltezc",
    "DEVICE":  "c9ltechn",
    "FINGERPRINT":  "samsung/c9ltezc/c9ltechn:7.1.1/NMF26X/C9000ZCU1BQL1:user/release-keys",
    "RELEASE":  "7.1.1",
    "ID":  "NMF26X",
    "INCREMENTAL":  "C9000ZCU1BQL1",
    "TYPE":  "user",
    "KEYS":  "release-keys",
    "SECURITY_PATCH":  "2017-08-01",
    "DEVICE_INITIAL_SDK_INT":  "25",
    "*.build.id":  "NMF26X",
    "*.security_patch":  "2017-08-01",
    "*api_level":  "25",
    "ignore-FIRST_API_LEVEL":  "25",
    "_DUMP_SOURCE":  "https://desktop.firmware.mobi/"
}