{
    "MANUFACTURER":  "samsung",
    "MODEL":  "SM-T820",
    "BRAND":  "samsung",
    "PRODUCT":  "gts3lwifixx",
    "DEVICE":  "gts3lwifi",
    "FINGERPRINT":  "samsung/gts3lwifixx/gts3lwifi:7.0/NRD90M/T820XXU1AQC6:user/release-keys",
    "RELEASE":  "7.0",
    "ID":  "NRD90M",
    "INCREMENTAL":  "T820XXU1AQC6",
    "TYPE":  "user",
    "KEYS":  "release-keys",
    "SECURITY_PATCH":  "2017-03-01",
    "DEVICE_INITIAL_SDK_INT":  "24",
    "*.build.id":  "NRD90M",
    "*.security_patch":  "2017-03-01",
    "*api_level":  "24",
    "ignore-FIRST_API_LEVEL":  "24",
    "_DUMP_SOURCE":  "https://desktop.firmware.mobi/"
}