{
    "MANUFACTURER":  "samsung",
    "MODEL":  "SM-G9208",
    "BRAND":  "samsung",
    "PRODUCT":  "zerofltezt",
    "DEVICE":  "zerofltechn",
    "FINGERPRINT":  "samsung/zerofltezt/zerofltechn:7.0/NRD90M/G9208ZTU2EQL1:user/release-keys",
    "RELEASE":  "7.0",
    "ID":  "NRD90M",
    "INCREMENTAL":  "G9208ZTU2EQL1",
    "TYPE":  "user",
    "KEYS":  "release-keys",
    "SECURITY_PATCH":  "2017-12-01",
    "DEVICE_INITIAL_SDK_INT":  "24",
    "*.build.id":  "NRD90M",
    "*.security_patch":  "2017-12-01",
    "*api_level":  "24",
    "ignore-FIRST_API_LEVEL":  "24",
    "_DUMP_SOURCE":  "https://desktop.firmware.mobi/"
}