{
    "MANUFACTURER":  "samsung",
    "MODEL":  "SM-G930L",
    "BRAND":  "samsung",
    "PRODUCT":  "heroltelgt",
    "DEVICE":  "heroltelgt",
    "FINGERPRINT":  "samsung/heroltelgt/heroltelgt:7.0/NRD90M/G930LKLU1DQB5:user/release-keys",
    "RELEASE":  "7.0",
    "ID":  "NRD90M",
    "INCREMENTAL":  "G930LKLU1DQB5",
    "TYPE":  "user",
    "KEYS":  "release-keys",
    "SECURITY_PATCH":  "2017-02-01",
    "DEVICE_INITIAL_SDK_INT":  "24",
    "*.build.id":  "NRD90M",
    "*.security_patch":  "2017-02-01",
    "*api_level":  "24",
    "ignore-FIRST_API_LEVEL":  "24",
    "_DUMP_SOURCE":  "https://desktop.firmware.mobi/"
}