{
    "MANUFACTURER":  "samsung",
    "MODEL":  "SM-G930T1",
    "BRAND":  "samsung",
    "PRODUCT":  "heroqltemtr",
    "DEVICE":  "heroqltemtr",
    "FINGERPRINT":  "samsung/heroqltemtr/heroqltemtr:7.0/NRD90M/G930T1UVS4BQL2:user/release-keys",
    "RELEASE":  "7.0",
    "ID":  "NRD90M",
    "INCREMENTAL":  "G930T1UVS4BQL2",
    "TYPE":  "user",
    "KEYS":  "release-keys",
    "SECURITY_PATCH":  "2017-12-01",
    "DEVICE_INITIAL_SDK_INT":  "24",
    "*.build.id":  "NRD90M",
    "*.security_patch":  "2017-12-01",
    "*api_level":  "24",
    "ignore-FIRST_API_LEVEL":  "24",
    "_DUMP_SOURCE":  "https://desktop.firmware.mobi/"
}