{
    "MANUFACTURER":  "samsung",
    "MODEL":  "SM-G928F",
    "BRAND":  "samsung",
    "PRODUCT":  "zenltexx",
    "DEVICE":  "zenlte",
    "FINGERPRINT":  "samsung/zenltexx/zenlte:7.0/NRD90M/G928FXXS3CQK6:user/release-keys",
    "RELEASE":  "7.0",
    "ID":  "NRD90M",
    "INCREMENTAL":  "G928FXXS3CQK6",
    "TYPE":  "user",
    "KEYS":  "release-keys",
    "SECURITY_PATCH":  "2017-11-01",
    "DEVICE_INITIAL_SDK_INT":  "24",
    "*.build.id":  "NRD90M",
    "*.security_patch":  "2017-11-01",
    "*api_level":  "24",
    "ignore-FIRST_API_LEVEL":  "24",
    "_DUMP_SOURCE":  "https://desktop.firmware.mobi/"
}