{
    "MANUFACTURER":  "samsung",
    "MODEL":  "SC-02J",
    "BRAND":  "samsung",
    "PRODUCT":  "SC-02J",
    "DEVICE":  "SC-02J",
    "FINGERPRINT":  "samsung/SC-02J/SC-02J:7.0/NRD90M/SC02JOMU1AQEI:user/release-keys",
    "RELEASE":  "7.0",
    "ID":  "NRD90M",
    "INCREMENTAL":  "SC02JOMU1AQEI",
    "TYPE":  "user",
    "KEYS":  "release-keys",
    "SECURITY_PATCH":  "2017-06-01",
    "DEVICE_INITIAL_SDK_INT":  "24",
    "*.build.id":  "NRD90M",
    "*.security_patch":  "2017-06-01",
    "*api_level":  "24",
    "ignore-FIRST_API_LEVEL":  "24",
    "_DUMP_SOURCE":  "https://desktop.firmware.mobi/"
}