{
    "MANUFACTURER":  "samsung",
    "MODEL":  "SM-G925I",
    "BRAND":  "samsung",
    "PRODUCT":  "zeroltedv",
    "DEVICE":  "zerolte",
    "FINGERPRINT":  "samsung/zeroltedv/zerolte:7.0/NRD90M/G925IDVS3FQL5:user/release-keys",
    "RELEASE":  "7.0",
    "ID":  "NRD90M",
    "INCREMENTAL":  "G925IDVS3FQL5",
    "TYPE":  "user",
    "KEYS":  "release-keys",
    "SECURITY_PATCH":  "2017-12-01",
    "DEVICE_INITIAL_SDK_INT":  "24",
    "*.build.id":  "NRD90M",
    "*.security_patch":  "2017-12-01",
    "*api_level":  "24",
    "ignore-FIRST_API_LEVEL":  "24",
    "_DUMP_SOURCE":  "https://desktop.firmware.mobi/"
}