{
    "MANUFACTURER":  "samsung",
    "MODEL":  "SM-G9287",
    "BRAND":  "samsung",
    "PRODUCT":  "zenltezh",
    "DEVICE":  "zenlte",
    "FINGERPRINT":  "samsung/zenltezh/zenlte:7.0/NRD90M/G9287ZHU2CQH2:user/release-keys",
    "RELEASE":  "7.0",
    "ID":  "NRD90M",
    "INCREMENTAL":  "G9287ZHU2CQH2",
    "TYPE":  "user",
    "KEYS":  "release-keys",
    "SECURITY_PATCH":  "2017-08-01",
    "DEVICE_INITIAL_SDK_INT":  "24",
    "*.build.id":  "NRD90M",
    "*.security_patch":  "2017-08-01",
    "*api_level":  "24",
    "ignore-FIRST_API_LEVEL":  "24",
    "_DUMP_SOURCE":  "https://desktop.firmware.mobi/"
}