{
    "MANUFACTURER":  "samsung",
    "MODEL":  "SM-G920F",
    "BRAND":  "samsung",
    "PRODUCT":  "zerofltexx",
    "DEVICE":  "zeroflte",
    "FINGERPRINT":  "samsung/zerofltexx/zeroflte:7.0/NRD90M/G920FXXS5EQFE:user/release-keys",
    "RELEASE":  "7.0",
    "ID":  "NRD90M",
    "INCREMENTAL":  "G920FXXS5EQFE",
    "TYPE":  "user",
    "KEYS":  "release-keys",
    "SECURITY_PATCH":  "2017-06-01",
    "DEVICE_INITIAL_SDK_INT":  "24",
    "*.build.id":  "NRD90M",
    "*.security_patch":  "2017-06-01",
    "*api_level":  "24",
    "ignore-FIRST_API_LEVEL":  "24",
    "_DUMP_SOURCE":  "https://desktop.firmware.mobi/"
}