{
    "MANUFACTURER":  "samsung",
    "MODEL":  "SM-G928K",
    "BRAND":  "samsung",
    "PRODUCT":  "zenltektt",
    "DEVICE":  "zenltektt",
    "FINGERPRINT":  "samsung/zenltektt/zenltektt:7.0/NRD90M/G928KKKU3DQC9:user/release-keys",
    "RELEASE":  "7.0",
    "ID":  "NRD90M",
    "INCREMENTAL":  "G928KKKU3DQC9",
    "TYPE":  "user",
    "KEYS":  "release-keys",
    "SECURITY_PATCH":  "2017-03-01",
    "DEVICE_INITIAL_SDK_INT":  "24",
    "*.build.id":  "NRD90M",
    "*.security_patch":  "2017-03-01",
    "*api_level":  "24",
    "ignore-FIRST_API_LEVEL":  "24",
    "_DUMP_SOURCE":  "https://desktop.firmware.mobi/"
}