{
    "MANUFACTURER":  "samsung",
    "MODEL":  "SM-G935S",
    "BRAND":  "samsung",
    "PRODUCT":  "hero2lteskt",
    "DEVICE":  "hero2lteskt",
    "FINGERPRINT":  "samsung/hero2lteskt/hero2lteskt:7.0/NRD90M/G935SKSU1DQA9:user/release-keys",
    "RELEASE":  "7.0",
    "ID":  "NRD90M",
    "INCREMENTAL":  "G935SKSU1DQA9",
    "TYPE":  "user",
    "KEYS":  "release-keys",
    "SECURITY_PATCH":  "2017-01-01",
    "DEVICE_INITIAL_SDK_INT":  "24",
    "*.build.id":  "NRD90M",
    "*.security_patch":  "2017-01-01",
    "*api_level":  "24",
    "ignore-FIRST_API_LEVEL":  "24",
    "_DUMP_SOURCE":  "https://desktop.firmware.mobi/"
}