{
  // Build Fields
    "MANUFACTURER": "samsung",
    "MODEL": "SM-G950F",
    "FINGERPRINT": "samsung/dreamltexx/dreamlte:8.0.0/R16NW/G950FXXS4CRL8:user/release-keys",
    "BRAND": "samsung",
    "PRODUCT": "dreamltexx",
    "DEVICE": "dreamlte",
    "RELEASE": "8.0.0",
    "ID": "R16NW",
    "INCREMENTAL": "G950FXXS4CRL8",
    "TYPE": "user",
    "TAGS": "release-keys",
    "SECURITY_PATCH": "2018-12-01",
    "DEVICE_INITIAL_SDK_INT": "26",

  // System Properties
    "*.build.id": "R16NW",
    "*.security_patch": "2018-12-01",
    "*api_level": "26",

  // Additional fields
    "_DUMP_SOURCE": "https://desktop.firmware.mobi/",
    "verboseLogs": "4"
}
