{
  // Build Fields
    "MANUFACTURER": "samsung",
    "MODEL": "SM-G935F",
    "FINGERPRINT": "samsung/hero2ltexx/hero2lte:8.0.0/R16NW/G935FXXS4ESBE:user/release-keys",
    "BRAND": "samsung",
    "PRODUCT": "hero2ltexx",
    "DEVICE": "hero2lte",
    "RELEASE": "8.0.0",
    "ID": "R16NW",
    "INCREMENTAL": "G935FXXS4ESBE",
    "TYPE": "user",
    "TAGS": "release-keys",
    "SECURITY_PATCH": "2019-02-01",
    "DEVICE_INITIAL_SDK_INT": "26",

  // System Properties
    "*.build.id": "R16NW",
    "*.security_patch": "2019-02-01",
    "*api_level": "26",

  // Additional fields
    "_DUMP_SOURCE": "https://desktop.firmware.mobi/",
    "verboseLogs": "4"
}
