{
    "MANUFACTURER":  "HTC",
    "MODEL":  "htc_a32ul_emea",
    "BRAND":  "htc",
    "PRODUCT":  "a32ul_emea_o2_uk",
    "DEVICE":  "htc_a32ul_emea",
    "FINGERPRINT":  "htc/a32ul_emea_o2_uk/htc_a32ul_emea:5.1/LMY47O/664826.6:user/release-keys",
    "RELEASE":  "5.1",
    "ID":  "LMY47O",
    "INCREMENTAL":  "664826.6",
    "TYPE":  "user",
    "KEYS":  "release-keys",
    "DEVICE_INITIAL_SDK_INT":  "22",
    "*.build.id":  "LMY47O",
    "*api_level":  "22",
    "ignore-FIRST_API_LEVEL":  "22",
    "_DUMP_SOURCE":  "https://specdevice.com"
}