{
    "MANUFACTURER":  "htc",
    "MODEL":  "Nexus 9",
    "BRAND":  "google",
    "PRODUCT":  "volantis",
    "DEVICE":  "flounder",
    "FINGERPRINT":  "google/volantis/flounder:5.1.1/LMY47X/1849464:user/release-keys",
    "RELEASE":  "5.1.1",
    "ID":  "LMY47X",
    "INCREMENTAL":  "1849464",
    "TYPE":  "user",
    "KEYS":  "release-keys",
    "DEVICE_INITIAL_SDK_INT":  "22",
    "*.build.id":  "LMY47X",
    "*api_level":  "22",
    "ignore-FIRST_API_LEVEL":  "22",
    "_DUMP_SOURCE":  "https://desktop.firmware.mobi/"
}