{
    "MANUFACTURER":  "Letv",
    "MODEL":  "Le Max",
    "BRAND":  "Letv",
    "PRODUCT":  "LeMax_WW",
    "DEVICE":  "max1_in",
    "FINGERPRINT":  "Letv/LeMax_WW/max1_in:5.0.2/CHXOSOP5501405221S/154:user/release-keys",
    "RELEASE":  "5.0.2",
    "ID":  "CHXOSOP5501405221S",
    "INCREMENTAL":  "154",
    "TYPE":  "user",
    "KEYS":  "release-keys",
    "DEVICE_INITIAL_SDK_INT":  "21",
    "*.build.id":  "CHXOSOP5501405221S",
    "*api_level":  "21",
    "ignore-FIRST_API_LEVEL":  "21",
    "_DUMP_SOURCE":  "https://specdevice.com"
}