{
    "MANUFACTURER":  "samsung",
    "MODEL":  "SM-G920F",
    "BRAND":  "samsung",
    "PRODUCT":  "zerofltexx",
    "DEVICE":  "zeroflte",
    "FINGERPRINT":  "samsung/zerofltexx/zeroflte:5.1.1/LMY47X/G920FXXU2POGN:user/release-keys",
    "RELEASE":  "5.1.1",
    "ID":  "LMY47X",
    "INCREMENTAL":  "G920FXXU2POGN",
    "TYPE":  "user",
    "KEYS":  "release-keys",
    "DEVICE_INITIAL_SDK_INT":  "22",
    "*.build.id":  "LMY47X",
    "*api_level":  "22",
    "ignore-FIRST_API_LEVEL":  "22",
    "_DUMP_SOURCE":  "https://desktop.firmware.mobi/"
}