{
    "MANUFACTURER":  "samsung",
    "MODEL":  "SM-N920G",
    "BRAND":  "samsung",
    "PRODUCT":  "noblelteub",
    "DEVICE":  "noblelte",
    "FINGERPRINT":  "samsung/noblelteub/noblelte:5.1.1/LMY47X/N920GUBU2AOJ8:user/release-keys",
    "RELEASE":  "5.1.1",
    "ID":  "LMY47X",
    "INCREMENTAL":  "N920GUBU2AOJ8",
    "TYPE":  "user",
    "KEYS":  "release-keys",
    "SECURITY_PATCH":  "2015-11-01",
    "DEVICE_INITIAL_SDK_INT":  "22",
    "*.build.id":  "LMY47X",
    "*.security_patch":  "2015-11-01",
    "*api_level":  "22",
    "ignore-FIRST_API_LEVEL":  "22",
    "_DUMP_SOURCE":  "https://desktop.firmware.mobi/"
}