{
    "MANUFACTURER":  "ZTE",
    "MODEL":  "ZTE T620",
    "BRAND":  "ZTE",
    "PRODUCT":  "P635F33",
    "DEVICE":  "ZTE_T620",
    "FINGERPRINT":  "ZTE/P635F33/ZTE_T620:5.1/LMY47D/20151211.154135:user/release-keys",
    "RELEASE":  "5.1",
    "ID":  "LMY47D",
    "INCREMENTAL":  "20151211.154135",
    "TYPE":  "user",
    "KEYS":  "release-keys",
    "DEVICE_INITIAL_SDK_INT":  "22",
    "*.build.id":  "LMY47D",
    "*api_level":  "22",
    "ignore-FIRST_API_LEVEL":  "22",
    "_DUMP_SOURCE":  "https://specdevice.com"
}