{
    "MANUFACTURER":  "ZTE",
    "MODEL":  "Rook from EE",
    "BRAND":  "ZTE",
    "PRODUCT":  "P635E40_EE",
    "DEVICE":  "P635E40",
    "FINGERPRINT":  "ZTE/P635E40_EE/P635E40:5.1/LMY47D/20150619.173411:user/release-keys",
    "RELEASE":  "5.1",
    "ID":  "LMY47D",
    "INCREMENTAL":  "20150619.173411",
    "TYPE":  "user",
    "KEYS":  "release-keys",
    "DEVICE_INITIAL_SDK_INT":  "22",
    "*.build.id":  "LMY47D",
    "*api_level":  "22",
    "ignore-FIRST_API_LEVEL":  "22",
    "_DUMP_SOURCE":  "https://specdevice.com"
}