{
  // Build Fields
    "MANUFACTURER": "Meizu",
    "MODEL": "M6 Note",
    "FINGERPRINT": "Meizu/meizu_M6Note/M6Note:7.1.2/N2G47H/m1721.Flyme_6.0.1511941566:user/release-keys",
    "BRAND": "Meizu",
    "PRODUCT": "meizu_M6Note",
    "DEVICE": "M6Note",
    "RELEASE": "7.1.2",
    "ID": "N2G47H",
    "INCREMENTAL": "m1721.Flyme_6.0.1511941566",
    "TYPE": "user",
    "TAGS": "release-keys",
    "SECURITY_PATCH": "",
    "DEVICE_INITIAL_SDK_INT": "25",

  // Additional Fields
    "_ORIGINAL_FIRST_API_LEVEL": "",
    "_DUMP_SOURCE": "https:#specdevice.com",

  // System Properties
    "*.build.id": "N2G47H",
    "*.security_patch": "",
    "*api_level": "25",

  // Advanced Settings
    "spoofBuild": "1",
    "spoofProps": "0",
    "spoofProvider": "0",
    "spoofSignature": "0",
    "verboseLogs": "0"
}
