{
  // Build Fields
    "MANUFACTURER": "samsung",
    "MODEL": "SM-N920L",
    "FINGERPRINT": "samsung/nobleltelgt/nobleltelgt:7.0/NRD90M/N920LKLU2DQC7:user/release-keys",
    "BRAND": "samsung",
    "PRODUCT": "nobleltelgt",
    "DEVICE": "nobleltelgt",
    "RELEASE": "7.0",
    "ID": "NRD90M",
    "INCREMENTAL": "N920LKLU2DQC7",
    "TYPE": "user",
    "TAGS": "release-keys",
    "SECURITY_PATCH": "2017-03-01",
    "DEVICE_INITIAL_SDK_INT": "24",

  // Additional Fields
    "_ORIGINAL_FIRST_API_LEVEL": "",
    "_DUMP_SOURCE": "https:#desktop.firmware.mobi/",

  // System Properties
    "*.build.id": "NRD90M",
    "*.security_patch": "2017-03-01",
    "*api_level": "24",

  // Advanced Settings
    "spoofBuild": "1",
    "spoofProps": "0",
    "spoofProvider": "0",
    "spoofSignature": "0",
    "verboseLogs": "0"
}
