{
    "MANUFACTURER":  "LGE",
    "MODEL":  "LM-Q910",
    "BRAND":  "lge",
    "PRODUCT":  "phoenix_lao_com",
    "DEVICE":  "phoenix_sprout",
    "FINGERPRINT":  "lge/phoenix_lao_com/phoenix_sprout:11/RKQ1.201123.002/210641533e0c8:user/release-keys",
    "RELEASE":  "11",
    "ID":  "RKQ1.201123.002",
    "INCREMENTAL":  "210641533e0c8",
    "TYPE":  "user",
    "KEYS":  "release-keys",
    "SECURITY_PATCH":  "2021-03-01",
    "DEVICE_INITIAL_SDK_INT":  "25",
    "*.build.id":  "RKQ1.201123.002",
    "*.security_patch":  "2021-03-01",
    "*api_level":  "25",
    "ignore-FIRST_API_LEVEL":  "25",
    "_ORIGINAL_FIRST_API_LEVEL":  "27",
    "_DUMP_SOURCE":  "https://dumps.tadiphone.dev/dumps"
}