{
    "MANUFACTURER":  "Microsoft",
    "MODEL":  "Surface Duo",
    "BRAND":  "surface",
    "PRODUCT":  "duo",
    "DEVICE":  "duo",
    "FINGERPRINT":  "surface/duo/duo:11/2022.215.137/202202150137:user/release-keys",
    "RELEASE":  "11",
    "ID":  "2022.215.137",
    "INCREMENTAL":  "202202150137",
    "TYPE":  "user",
    "KEYS":  "release-keys",
    "SECURITY_PATCH":  "2022-05-01",
    "DEVICE_INITIAL_SDK_INT":  "25",
    "*.build.id":  "2022.215.137",
    "*.security_patch":  "2022-05-01",
    "*api_level":  "25",
    "ignore-FIRST_API_LEVEL":  "25",
    "_ORIGINAL_FIRST_API_LEVEL":  "29",
    "_DUMP_SOURCE":  "https://dumps.tadiphone.dev/dumps"
}