{
    "MANUFACTURER":  "OnePlus",
    "MODEL":  "IN2019",
    "BRAND":  "OnePlus",
    "PRODUCT":  "OnePlus8Visible",
    "DEVICE":  "OnePlus8Visible",
    "FINGERPRINT":  "OnePlus/OnePlus8Visible/OnePlus8Visible:11/RP1A.201005.001/2203082120:user/release-keys",
    "RELEASE":  "11",
    "ID":  "RP1A.201005.001",
    "INCREMENTAL":  "2203082120",
    "TYPE":  "user",
    "KEYS":  "release-keys",
    "SECURITY_PATCH":  "2022-03-01",
    "DEVICE_INITIAL_SDK_INT":  "25",
    "*.build.id":  "RP1A.201005.001",
    "*.security_patch":  "2022-03-01",
    "*api_level":  "25",
    "ignore-FIRST_API_LEVEL":  "25",
    "_ORIGINAL_FIRST_API_LEVEL":  "29",
    "_DUMP_SOURCE":  "https://dumps.tadiphone.dev/dumps"
}