{
    "MANUFACTURER":  "OnePlus",
    "MODEL":  "AC2003",
    "BRAND":  "OnePlus",
    "PRODUCT":  "Nord_IND",
    "DEVICE":  "Nord",
    "FINGERPRINT":  "OnePlus/Nord_IND/Nord:11/RP1A.201005.001/2104202031:user/release-keys",
    "RELEASE":  "11",
    "ID":  "RP1A.201005.001",
    "INCREMENTAL":  "2104202031",
    "TYPE":  "user",
    "KEYS":  "release-keys",
    "SECURITY_PATCH":  "2021-04-01",
    "DEVICE_INITIAL_SDK_INT":  "25",
    "*.build.id":  "RP1A.201005.001",
    "*.security_patch":  "2021-04-01",
    "*api_level":  "25",
    "ignore-FIRST_API_LEVEL":  "25",
    "_ORIGINAL_FIRST_API_LEVEL":  "29",
    "_DUMP_SOURCE":  "https://dumps.tadiphone.dev/dumps"
}