{
    "MANUFACTURER":  "samsung",
    "MODEL":  "SM-G770U1",
    "BRAND":  "samsung",
    "PRODUCT":  "r5que",
    "DEVICE":  "r5q",
    "FINGERPRINT":  "samsung/r5que/r5q:11/RP1A.200720.012/G770U1UES3CUB1:user/release-keys",
    "RELEASE":  "11",
    "ID":  "RP1A.200720.012",
    "INCREMENTAL":  "G770U1UES3CUB1",
    "TYPE":  "user",
    "KEYS":  "release-keys",
    "SECURITY_PATCH":  "2021-02-01",
    "DEVICE_INITIAL_SDK_INT":  "25",
    "*.build.id":  "RP1A.200720.012",
    "*.security_patch":  "2021-02-01",
    "*api_level":  "25",
    "ignore-FIRST_API_LEVEL":  "25",
    "_ORIGINAL_FIRST_API_LEVEL":  "29",
    "_DUMP_SOURCE":  "https://dumps.tadiphone.dev/dumps"
}