{
    "MANUFACTURER":  "Xiaomi",
    "MODEL":  "Mi 9T",
    "BRAND":  "Xiaomi",
    "PRODUCT":  "davinci",
    "DEVICE":  "davinci",
    "FINGERPRINT":  "Xiaomi/davinci/davinci:11/RKQ1.200826.002/V12.1.2.0.RFJMIXM:user/release-keys",
    "RELEASE":  "11",
    "ID":  "RKQ1.200826.002",
    "INCREMENTAL":  "V12.1.2.0.RFJMIXM",
    "TYPE":  "user",
    "KEYS":  "release-keys",
    "SECURITY_PATCH":  "2021-04-01",
    "DEVICE_INITIAL_SDK_INT":  "25",
    "*.build.id":  "RKQ1.200826.002",
    "*.security_patch":  "2021-04-01",
    "*api_level":  "25",
    "ignore-FIRST_API_LEVEL":  "25",
    "_ORIGINAL_FIRST_API_LEVEL":  "28",
    "_DUMP_SOURCE":  "https://dumps.tadiphone.dev/dumps"
}