{
  // Build Fields
    "MANUFACTURER": "Xiaomi",
    "MODEL": "Mi 10 Pro",
    "FINGERPRINT": "Xiaomi/cmi/cmi:11/RKQ1.200826.002/V12.5.4.0.RJACNXM:user/release-keys",
    "BRAND": "Xiaomi",
    "PRODUCT": "cmi",
    "DEVICE": "cmi",
    "RELEASE": "11",
    "ID": "RKQ1.200826.002",
    "INCREMENTAL": "V12.5.4.0.RJACNXM",
    "TYPE": "user",
    "TAGS": "release-keys",
    "SECURITY_PATCH": "2021-05-01",
    "DEVICE_INITIAL_SDK_INT": "25",

  // System Properties
    "*.build.id": "RKQ1.200826.002",
    "*.security_patch": "2021-05-01",
    "*api_level": "25",

  // Advanced Settings
    "verboseLogs": "4",
    "_DUMP_SOURCE":  "https://dumps.tadiphone.dev/dumps"
}
