{
  // Build Fields
    "MANUFACTURER": "Google",
    "MODEL": "Pixel 6",
    "FINGERPRINT": "google/oriole_beta/oriole:16/BP31.250610.004.A1/13770421:user/release-keys",
    "BRAND": "google",
    "PRODUCT": "oriole_beta",
    "DEVICE": "oriole",
    "RELEASE": "16",
    "ID": "BP31.250610.004.A1",
    "INCREMENTAL": "13770421",
    "TYPE": "user",
    "TAGS": "release-keys",
    "SECURITY_PATCH": "2025-06-05",
    "DEVICE_INITIAL_SDK_INT": "32",

  // System Properties
    "*.build.id": "BP31.250610.004.A1",
    "*.security_patch": "2025-06-05",
    "*api_level": "32",

  // Advanced Settings
    "spoofBuild": "1",
    "spoofProps": "1",
    "spoofProvider": "1",
    "spoofSignature": "0",
    "spoofVendingSdk": "0",
    "verboseLogs": "99"

  // Name: A16-QPR1_3-Pixel_6-oriole
  // Beta Released: 2025-07-17
  // Estimated Expiry: 2025-08-28
}
