{
  // Build Fields
    "MANUFACTURER": "Google",
    "MODEL": "Pixel 7 Pro",
    "FINGERPRINT": "google/cheetah_beta/cheetah:16/BP31.250610.004/13769805:user/release-keys",
    "BRAND": "google",
    "PRODUCT": "cheetah_beta",
    "DEVICE": "cheetah",
    "RELEASE": "16",
    "ID": "BP31.250610.004",
    "INCREMENTAL": "13769805",
    "TYPE": "user",
    "TAGS": "release-keys",
    "SECURITY_PATCH": "2025-06-05",
    "DEVICE_INITIAL_SDK_INT": "32",

  // System Properties
    "*.build.id": "BP31.250610.004",
    "*.security_patch": "2025-06-05",
    "*api_level": "32",

  // Advanced Settings
    "spoofBuild": "1",
    "spoofProps": "1",
    "spoofProvider": "1",
    "spoofSignature": "0",
    "spoofVendingSdk": "0",
    "verboseLogs": "3"

  // Name: A16-QPR1_3-Pixel_7_Pro-cheetah
  // Beta Released: 2025-07-17
  // Estimated Expiry: 2025-08-28
}
