{
  // Build Fields
    "MANUFACTURER": "Nothing",
    "MODEL": "A063",
    "FINGERPRINT": "Nothing/SpacewarEEA/Spacewar:12/SKQ1.211230.001/1657910681:user/release-keys",
    "BRAND": "Nothing",
    "PRODUCT": "SpacewarEEA",
    "DEVICE": "Spacewar",
    "RELEASE": "12",
    "ID": "SKQ1.211230.001",
    "INCREMENTAL": "1657910681",
    "TYPE": "user",
    "TAGS": "release-keys",
    "SECURITY_PATCH": "2022-07-01",
    "DEVICE_INITIAL_SDK_INT": "25",

  // System Properties
    "*.build.id": "SKQ1.211230.001",
    "*.security_patch": "2022-07-01",
    "*api_level": "25",

  // Additional fields
    "_DUMP_SOURCE": "https://dumps.tadiphone.dev/dumps",
    "verboseLogs": "4"
}
