{
  // Build Fields
    "MANUFACTURER": "samsung",
    "MODEL": "SM-G970F",
    "FINGERPRINT": "samsung/beyond0ltexx/beyond0:9/PPR1.180610.011/G970FXXU1ASD6:user/release-keys",
    "BRAND": "samsung",
    "PRODUCT": "beyond0ltexx",
    "DEVICE": "beyond0",
    "RELEASE": "9",
    "ID": "PPR1.180610.011",
    "INCREMENTAL": "G970FXXU1ASD6",
    "TYPE": "user",
    "TAGS": "release-keys",
    "SECURITY_PATCH": "2019-04-01",
    "DEVICE_INITIAL_SDK_INT": "25",

  // System Properties
    "*.build.id": "PPR1.180610.011",
    "*.security_patch": "2019-04-01",
    "*api_level": "25",

  // Additional fields
    "_ORIGINAL_FIRST_API_LEVEL": "28",
    "_DUMP_SOURCE": "https://desktop.firmware.mobi/",
    "verboseLogs": "4"
}
