{
  // Build Fields
    "MANUFACTURER": "vivo",
    "MODEL": "V2186A",
    "FINGERPRINT": "vivo/PD2186/PD2186:12/SP1A.210812.003/compiler09162201:user/release-keys",
    "BRAND": "vivo",
    "PRODUCT": "PD2186",
    "DEVICE": "PD2186",
    "RELEASE": "12",
    "ID": "SP1A.210812.003",
    "INCREMENTAL": "compiler09162201",
    "TYPE": "user",
    "TAGS": "release-keys",
    "SECURITY_PATCH": "2022-08-01",
    "DEVICE_INITIAL_SDK_INT": "25",

  // System Properties
    "*.build.id": "SP1A.210812.003",
    "*.security_patch": "2022-08-01",
    "*api_level": "25",

  // Additional fields
    "verboseLogs": "4"
}
