{
  // Build Fields
    "MANUFACTURER": "Xiaomi",
    "MODEL": "MIX 3",
    "FINGERPRINT": "Xiaomi/perseus/perseus:9/PKQ1.180729.001/V11.0.3.0.PEECNXM:user/release-keys",
    "BRAND": "Xiaomi",
    "PRODUCT": "perseus",
    "DEVICE": "perseus",
    "RELEASE": "9",
    "ID": "PKQ1.180729.001",
    "INCREMENTAL": "V11.0.3.0.PEECNXM",
    "TYPE": "user",
    "TAGS": "release-keys",
    "SECURITY_PATCH": "2019-09-01",
    "DEVICE_INITIAL_SDK_INT": "25",

  // System Properties
    "*.build.id": "PKQ1.180729.001",
    "*.security_patch": "2019-09-01",
    "*api_level": "25",

  // Additional fields
    "_ORIGINAL_FIRST_API_LEVEL": "28",
    "_DUMP_SOURCE": "https://dumps.tadiphone.dev/dumps",
    "verboseLogs": "4"
}
