{
  // Build Fields
    "MANUFACTURER": "Google",
    "MODEL": "Pixel 9 Pro XL",
    "FINGERPRINT": "google/komodo_beta/komodo:CANARY/ZP11.250606.010.A1/13734781:user/release-keys",
    "BRAND": "google",
    "PRODUCT": "komodo_beta",
    "DEVICE": "komodo",
    "RELEASE": "CANARY",
    "ID": "ZP11.250606.010.A1",
    "INCREMENTAL": "13734781",
    "TYPE": "user",
    "TAGS": "release-keys",
    "SECURITY_PATCH": "2025-06-05",
    "DEVICE_INITIAL_SDK_INT": "32",

  // Additional Fields
    "_ORIGINAL_FIRST_API_LEVEL": "",
    "_DUMP_SOURCE": "",

  // System Properties
    "*.build.id": "ZP11.250606.010.A1",
    "*.security_patch": "2025-06-05",
    "*api_level": "32",

  // Advanced Settings
    "spoofBuild": "1",
    "spoofProps": "1",
    "spoofProvider": "1",
    "spoofSignature": "0",
    "spoofVendingSdk": "0",
    "verboseLogs": "3"

  // Name: A16-CANARY-Jul10-Pixel_9_Pro_XL-komodo
  // Beta Released: 2025-07-10
  // Estimated Expiry: 2025-08-19
}
