{
  // Build Fields
    "MANUFACTURER": "Google",
    "MODEL": "Pixel",
    "FINGERPRINT": "google/sailfish/sailfish:8.1.0/OPM1.171019.011/4448085:user/release-keys",
    "BRAND": "google",
    "PRODUCT": "sailfish",
    "DEVICE": "sailfish",
    "RELEASE": "8.1.0",
    "ID": "OPM1.171019.011",
    "INCREMENTAL": "4448085",
    "TYPE": "user",
    "TAGS": "release-keys",
    "SECURITY_PATCH": "2017-12-05",
    "DEVICE_INITIAL_SDK_INT": "27",

  // System Properties
    "*.build.id": "OPM1.171019.011",
    "*.security_patch": "2017-12-05",
    "*api_level": "27",

  // Additional fields
    "_DUMP_SOURCE": "https://desktop.firmware.mobi/",
    "verboseLogs": "4"
}
