{
  // Build Fields
    "MANUFACTURER": "Google",
    "MODEL": "Pixel XL",
    "FINGERPRINT": "google/marlin/marlin:8.1.0/OPM2.171019.029/4657601:user/release-keys",
    "BRAND": "google",
    "PRODUCT": "marlin",
    "DEVICE": "marlin",
    "RELEASE": "8.1.0",
    "ID": "OPM2.171019.029",
    "INCREMENTAL": "4657601",
    "TYPE": "user",
    "TAGS": "release-keys",
    "SECURITY_PATCH": "2018-04-05",
    "DEVICE_INITIAL_SDK_INT": "27",

  // System Properties
    "*.build.id": "OPM2.171019.029",
    "*.security_patch": "2018-04-05",
    "*api_level": "27",

  // Additional fields
    "_DUMP_SOURCE": "https://desktop.firmware.mobi/",
    "verboseLogs": "4"
}
