{
  // Build Fields
    "MANUFACTURER": "samsung",
    "MODEL": "SM-A520F",
    "FINGERPRINT": "samsung/a5y17ltexx/a5y17lte:8.0.0/R16NW/A520FXXU7CRJE:user/release-keys",
    "BRAND": "samsung",
    "PRODUCT": "a5y17ltexx",
    "DEVICE": "a5y17lte",
    "RELEASE": "8.0.0",
    "ID": "R16NW",
    "INCREMENTAL": "A520FXXU7CRJE",
    "TYPE": "user",
    "TAGS": "release-keys",
    "SECURITY_PATCH": "2018-10-01",
    "DEVICE_INITIAL_SDK_INT": "26",

  // System Properties
    "*.build.id": "R16NW",
    "*.security_patch": "2018-10-01",
    "*api_level": "26",

  // Additional fields
    "_DUMP_SOURCE": "https://desktop.firmware.mobi/",
    "verboseLogs": "4"
}
