{
  // Build Fields
    "MANUFACTURER": "samsung",
    "MODEL": "SM-G930VC",
    "FINGERPRINT": "samsung/heroqltecctvzw/heroqltecctvzw:8.0.0/R16NW/G930VCCTS4CRG1:user/release-keys",
    "BRAND": "samsung",
    "PRODUCT": "heroqltecctvzw",
    "DEVICE": "heroqltecctvzw",
    "RELEASE": "8.0.0",
    "ID": "R16NW",
    "INCREMENTAL": "G930VCCTS4CRG1",
    "TYPE": "user",
    "TAGS": "release-keys",
    "SECURITY_PATCH": "2018-07-01",
    "DEVICE_INITIAL_SDK_INT": "26",

  // System Properties
    "*.build.id": "R16NW",
    "*.security_patch": "2018-07-01",
    "*api_level": "26",

  // Additional fields
    "_DUMP_SOURCE": "https://desktop.firmware.mobi/",
    "verboseLogs": "4"
}
