{
  // Build Fields
    "MANUFACTURER": "Xiaomi",
    "MODEL": "Redmi 3S",
    "FINGERPRINT": "Xiaomi/land/land:6.0.1/MMB29M/V9.6.1.0.MALMIFD:user/release-keys",
    "BRAND": "Xiaomi",
    "PRODUCT": "land",
    "DEVICE": "land",
    "RELEASE": "6.0.1",
    "ID": "MMB29M",
    "INCREMENTAL": "V9.6.1.0.MALMIFD",
    "TYPE": "user",
    "TAGS": "release-keys",
    "SECURITY_PATCH": "2017-04-01",
    "DEVICE_INITIAL_SDK_INT": "23",

  // Additional Fields
    "_ORIGINAL_FIRST_API_LEVEL": "",
    "_DUMP_SOURCE": "https:#specdevice.com",

  // System Properties
    "*.build.id": "MMB29M",
    "*.security_patch": "2017-04-01",
    "*api_level": "23",

  // Advanced Settings
    "spoofBuild": "1",
    "spoofProps": "0",
    "spoofProvider": "0",
    "spoofSignature": "0",
    "verboseLogs": "0"
}
