{
  // Build Fields
    "MANUFACTURER": "meizu",
    "MODEL": "MEIZU 20 Pro",
    "FINGERPRINT": "meizu/meizu_20Pro_CN/meizu20Pro:13/TKQ1.221114.001/1673212412:user/release-keys",
    "BRAND": "meizu",
    "PRODUCT": "meizu_20Pro_CN",
    "DEVICE": "meizu20Pro",
    "RELEASE": "13",
    "ID": "TKQ1.221114.001",
    "INCREMENTAL": "1673212412",
    "TYPE": "user",
    "TAGS": "release-keys",
    "SECURITY_PATCH": "2023-06-01",
    "DEVICE_INITIAL_SDK_INT": "25",

  // System Properties
    "*.build.id": "TKQ1.221114.001",
    "*.security_patch": "2023-06-01",
    "*api_level": "25",

  // Advanced Settings
    "verboseLogs": "4",
    "_DUMP_SOURCE":  "https://dumps.tadiphone.dev/dumps"
}
