{
  // Build Fields
    "MANUFACTURER": "samsung",
    "MODEL": "SM-G935L",
    "FINGERPRINT": "samsung/hero2ltelgt/hero2ltelgt:8.0.0/R16NW/G935LKLU1ERE8:user/release-keys",
    "BRAND": "samsung",
    "PRODUCT": "hero2ltelgt",
    "DEVICE": "hero2ltelgt",
    "RELEASE": "8.0.0",
    "ID": "R16NW",
    "INCREMENTAL": "G935LKLU1ERE8",
    "TYPE": "user",
    "TAGS": "release-keys",
    "SECURITY_PATCH": "2018-04-01",
    "DEVICE_INITIAL_SDK_INT": "26",

  // Additional Fields
    "_ORIGINAL_FIRST_API_LEVEL": "",
    "_DUMP_SOURCE": "https:#desktop.firmware.mobi/",

  // System Properties
    "*.build.id": "R16NW",
    "*.security_patch": "2018-04-01",
    "*api_level": "26",

  // Advanced Settings
    "spoofBuild": "1",
    "spoofProps": "0",
    "spoofProvider": "0",
    "spoofSignature": "0",
    "verboseLogs": "0"
}
