{
    "MANUFACTURER":  "HMD Global",
    "MODEL":  "Nokia XR20",
    "BRAND":  "Nokia",
    "PRODUCT":  "TheThing_00WW",
    "DEVICE":  "TTG_sprout",
    "FINGERPRINT":  "Nokia/TheThing_00WW/TTG_sprout:12/SKQ1.211006.001/00WW_2_300:user/release-keys",
    "RELEASE":  "12",
    "ID":  "SKQ1.211006.001",
    "INCREMENTAL":  "00WW_2_300",
    "TYPE":  "user",
    "KEYS":  "release-keys",
    "SECURITY_PATCH":  "2022-03-05",
    "DEVICE_INITIAL_SDK_INT":  "25",
    "*.build.id":  "SKQ1.211006.001",
    "*.security_patch":  "2022-03-05",
    "*api_level":  "25",
    "ignore-FIRST_API_LEVEL":  "25",
    "_ORIGINAL_FIRST_API_LEVEL":  "30",
    "_DUMP_SOURCE":  "https://dumps.tadiphone.dev/dumps"
}