{
    "MANUFACTURER":  "LGE",
    "MODEL":  "LM-G910",
    "BRAND":  "lge",
    "PRODUCT":  "caymanslm",
    "DEVICE":  "caymanslm",
    "FINGERPRINT":  "lge/caymanslm/caymanslm:12/SKQ1.211103.001/2222823249237:user/release-keys",
    "RELEASE":  "12",
    "ID":  "SKQ1.211103.001",
    "INCREMENTAL":  "2222823249237",
    "TYPE":  "user",
    "KEYS":  "release-keys",
    "SECURITY_PATCH":  "2022-07-01",
    "DEVICE_INITIAL_SDK_INT":  "25",
    "*.build.id":  "SKQ1.211103.001",
    "*.security_patch":  "2022-07-01",
    "*api_level":  "25",
    "ignore-FIRST_API_LEVEL":  "25",
    "_ORIGINAL_FIRST_API_LEVEL":  "29",
    "_DUMP_SOURCE":  "https://dumps.tadiphone.dev/dumps"
}