{
    "MANUFACTURER":  "Nothing",
    "MODEL":  "A063",
    "BRAND":  "Nothing",
    "PRODUCT":  "SpacewarEEA",
    "DEVICE":  "Spacewar",
    "FINGERPRINT":  "Nothing/SpacewarEEA/Spacewar:12/SKQ1.211230.001/1657910681:user/release-keys",
    "RELEASE":  "12",
    "ID":  "SKQ1.211230.001",
    "INCREMENTAL":  "1657910681",
    "TYPE":  "user",
    "KEYS":  "release-keys",
    "SECURITY_PATCH":  "2022-07-01",
    "DEVICE_INITIAL_SDK_INT": "25",
    "*.build.id":  "SKQ1.211230.001",
    "*.security_patch":  "2022-07-01",
    "*api_level": "25",
    "ignore-FIRST_API_LEVEL":  "31",
    "_DUMP_SOURCE":  "https://dumps.tadiphone.dev/dumps"
}