{
  // Build Fields
    "MANUFACTURER": "Xiaomi",
    "MODEL": "2209129SC",
    "FINGERPRINT": "Xiaomi/ziyi/ziyi:12/SKQ1.220303.001/V13.0.8.0.SLLCNXM:user/release-keys",
    "BRAND": "Xiaomi",
    "PRODUCT": "ziyi",
    "DEVICE": "ziyi",
    "RELEASE": "12",
    "ID": "SKQ1.220303.001",
    "INCREMENTAL": "V13.0.8.0.SLLCNXM",
    "TYPE": "user",
    "TAGS": "release-keys",
    "SECURITY_PATCH": "2022-10-01",
    "DEVICE_INITIAL_SDK_INT": "25",

  // System Properties
    "*.build.id": "SKQ1.220303.001",
    "*.security_patch": "2022-10-01",
    "*api_level": "25",

  // Advanced Settings
    "verboseLogs": "4",
    "_DUMP_SOURCE":  "https://dumps.tadiphone.dev/dumps"
}
