{
    "MANUFACTURER":  "Google",
    "MODEL":  "Pixel",
    "BRAND":  "google",
    "PRODUCT":  "sailfish",
    "DEVICE":  "sailfish",
    "FINGERPRINT":  "google/sailfish/sailfish:8.1.0/OPM4.171019.021.D1/4768809:user/release-keys",
    "RELEASE":  "8.1.0",
    "ID":  "OPM4.171019.021.D1",
    "INCREMENTAL":  "4768809",
    "TYPE":  "user",
    "KEYS":  "release-keys",
    "SECURITY_PATCH":  "2018-06-05",
    "DEVICE_INITIAL_SDK_INT":  "27",
    "*.build.id":  "OPM4.171019.021.D1",
    "*.security_patch":  "2018-06-05",
    "*api_level":  "27",
    "ignore-FIRST_API_LEVEL":  "27",
    "_DUMP_SOURCE":  "https://desktop.firmware.mobi/"
}