{
    "MANUFACTURER":  "Google",
    "MODEL":  "Pixel XL",
    "BRAND":  "google",
    "PRODUCT":  "marlin",
    "DEVICE":  "marlin",
    "FINGERPRINT":  "google/marlin/marlin:8.1.0/OPM2.171019.029/4657601:user/release-keys",
    "RELEASE":  "8.1.0",
    "ID":  "OPM2.171019.029",
    "INCREMENTAL":  "4657601",
    "TYPE":  "user",
    "KEYS":  "release-keys",
    "SECURITY_PATCH":  "2018-04-05",
    "DEVICE_INITIAL_SDK_INT":  "27",
    "*.build.id":  "OPM2.171019.029",
    "*.security_patch":  "2018-04-05",
    "*api_level":  "27",
    "ignore-FIRST_API_LEVEL":  "27",
    "_DUMP_SOURCE":  "https://desktop.firmware.mobi/"
}