{
    "MANUFACTURER":  "Google",
    "MODEL":  "Pixel 2 XL",
    "BRAND":  "google",
    "PRODUCT":  "taimen",
    "DEVICE":  "taimen",
    "FINGERPRINT":  "google/taimen/taimen:8.1.0/OPM1.171019.021/4565141:user/release-keys",
    "RELEASE":  "8.1.0",
    "ID":  "OPM1.171019.021",
    "INCREMENTAL":  "4565141",
    "TYPE":  "user",
    "KEYS":  "release-keys",
    "SECURITY_PATCH":  "2018-03-05",
    "DEVICE_INITIAL_SDK_INT":  "25",
    "*.build.id":  "OPM1.171019.021",
    "*.security_patch":  "2018-03-05",
    "*api_level":  "25",
    "ignore-FIRST_API_LEVEL":  "25",
    "_ORIGINAL_FIRST_API_LEVEL":  "27",
    "_DUMP_SOURCE":  "https://desktop.firmware.mobi/"
}