{
    "MANUFACTURER":  "Google",
    "MODEL":  "Pixel 2 XL",
    "BRAND":  "google",
    "PRODUCT":  "taimen",
    "DEVICE":  "taimen",
    "FINGERPRINT":  "google/taimen/taimen:8.1.0/OPM4.171019.016.B1/4720843:user/release-keys",
    "RELEASE":  "8.1.0",
    "ID":  "OPM4.171019.016.B1",
    "INCREMENTAL":  "4720843",
    "TYPE":  "user",
    "KEYS":  "release-keys",
    "SECURITY_PATCH":  "2018-05-05",
    "DEVICE_INITIAL_SDK_INT":  "25",
    "*.build.id":  "OPM4.171019.016.B1",
    "*.security_patch":  "2018-05-05",
    "*api_level":  "25",
    "ignore-FIRST_API_LEVEL":  "25",
    "_ORIGINAL_FIRST_API_LEVEL":  "27",
    "_DUMP_SOURCE":  "https://desktop.firmware.mobi/"
}