{
    "MANUFACTURER":  "Google",
    "MODEL":  "Pixel XL",
    "BRAND":  "google",
    "PRODUCT":  "marlin",
    "DEVICE":  "marlin",
    "FINGERPRINT":  "google/marlin/marlin:8.0.0/OPR1.170623.027/4292972:user/release-keys",
    "RELEASE":  "8.0.0",
    "ID":  "OPR1.170623.027",
    "INCREMENTAL":  "4292972",
    "TYPE":  "user",
    "KEYS":  "release-keys",
    "SECURITY_PATCH":  "2017-10-05",
    "DEVICE_INITIAL_SDK_INT":  "26",
    "*.build.id":  "OPR1.170623.027",
    "*.security_patch":  "2017-10-05",
    "*api_level":  "26",
    "ignore-FIRST_API_LEVEL":  "26",
    "_DUMP_SOURCE":  "https://desktop.firmware.mobi/"
}