{
    "MANUFACTURER":  "samsung",
    "MODEL":  "SM-G930F",
    "BRAND":  "samsung",
    "PRODUCT":  "heroltexx",
    "DEVICE":  "herolte",
    "FINGERPRINT":  "samsung/heroltexx/herolte:8.0.0/R16NW/G930FXXU3ERIE:user/release-keys",
    "RELEASE":  "8.0.0",
    "ID":  "R16NW",
    "INCREMENTAL":  "G930FXXU3ERIE",
    "TYPE":  "user",
    "KEYS":  "release-keys",
    "SECURITY_PATCH":  "2018-09-01",
    "DEVICE_INITIAL_SDK_INT":  "26",
    "*.build.id":  "R16NW",
    "*.security_patch":  "2018-09-01",
    "*api_level":  "26",
    "ignore-FIRST_API_LEVEL":  "26",
    "_DUMP_SOURCE":  "https://desktop.firmware.mobi/"
}