{
    "MANUFACTURER":  "samsung",
    "MODEL":  "SM-A520L",
    "BRAND":  "samsung",
    "PRODUCT":  "a5y17ltelgt",
    "DEVICE":  "a5y17ltelgt",
    "FINGERPRINT":  "samsung/a5y17ltelgt/a5y17ltelgt:8.0.0/R16NW/A520LKLU2CRD7:user/release-keys",
    "RELEASE":  "8.0.0",
    "ID":  "R16NW",
    "INCREMENTAL":  "A520LKLU2CRD7",
    "TYPE":  "user",
    "KEYS":  "release-keys",
    "SECURITY_PATCH":  "2018-04-01",
    "DEVICE_INITIAL_SDK_INT":  "26",
    "*.build.id":  "R16NW",
    "*.security_patch":  "2018-04-01",
    "*api_level":  "26",
    "ignore-FIRST_API_LEVEL":  "26",
    "_DUMP_SOURCE":  "https://desktop.firmware.mobi/"
}