{
    "MANUFACTURER":  "samsung",
    "MODEL":  "SM-A720F",
    "BRAND":  "samsung",
    "PRODUCT":  "a7y17ltexx",
    "DEVICE":  "a7y17lte",
    "FINGERPRINT":  "samsung/a7y17ltexx/a7y17lte:8.0.0/R16NW/A720FXXS6CRJ3:user/release-keys",
    "RELEASE":  "8.0.0",
    "ID":  "R16NW",
    "INCREMENTAL":  "A720FXXS6CRJ3",
    "TYPE":  "user",
    "KEYS":  "release-keys",
    "SECURITY_PATCH":  "2018-10-01",
    "DEVICE_INITIAL_SDK_INT":  "26",
    "*.build.id":  "R16NW",
    "*.security_patch":  "2018-10-01",
    "*api_level":  "26",
    "ignore-FIRST_API_LEVEL":  "26",
    "_DUMP_SOURCE":  "https://desktop.firmware.mobi/"
}