{
    "MANUFACTURER":  "samsung",
    "MODEL":  "SM-G9650",
    "BRAND":  "samsung",
    "PRODUCT":  "star2qltezc",
    "DEVICE":  "star2qltechn",
    "FINGERPRINT":  "samsung/star2qltezc/star2qltechn:8.0.0/R16NW/G9650ZCU3ARJ1:user/release-keys",
    "RELEASE":  "8.0.0",
    "ID":  "R16NW",
    "INCREMENTAL":  "G9650ZCU3ARJ1",
    "TYPE":  "user",
    "KEYS":  "release-keys",
    "SECURITY_PATCH":  "2018-10-01",
    "DEVICE_INITIAL_SDK_INT":  "25",
    "*.build.id":  "R16NW",
    "*.security_patch":  "2018-10-01",
    "*api_level":  "25",
    "ignore-FIRST_API_LEVEL":  "25",
    "_ORIGINAL_FIRST_API_LEVEL":  "26",
    "_DUMP_SOURCE":  "https://desktop.firmware.mobi/"
}