{
    "MANUFACTURER":  "samsung",
    "MODEL":  "SM-G892U",
    "BRAND":  "samsung",
    "PRODUCT":  "cruiserltesq",
    "DEVICE":  "cruiserltesq",
    "FINGERPRINT":  "samsung/cruiserltesq/cruiserltesq:8.0.0/R16NW/G892USQU1BRC5:user/release-keys",
    "RELEASE":  "8.0.0",
    "ID":  "R16NW",
    "INCREMENTAL":  "G892USQU1BRC5",
    "TYPE":  "user",
    "KEYS":  "release-keys",
    "SECURITY_PATCH":  "2018-03-01",
    "DEVICE_INITIAL_SDK_INT":  "26",
    "*.build.id":  "R16NW",
    "*.security_patch":  "2018-03-01",
    "*api_level":  "26",
    "ignore-FIRST_API_LEVEL":  "26",
    "_DUMP_SOURCE":  "https://desktop.firmware.mobi/"
}