{
    "MANUFACTURER":  "samsung",
    "MODEL":  "SM-N950F",
    "BRAND":  "samsung",
    "PRODUCT":  "greatltexx",
    "DEVICE":  "greatlte",
    "FINGERPRINT":  "samsung/greatltexx/greatlte:8.0.0/R16NW/N950FXXU4CRH6:user/release-keys",
    "RELEASE":  "8.0.0",
    "ID":  "R16NW",
    "INCREMENTAL":  "N950FXXU4CRH6",
    "TYPE":  "user",
    "KEYS":  "release-keys",
    "SECURITY_PATCH":  "2018-08-01",
    "DEVICE_INITIAL_SDK_INT": "25",
    "*.build.id":  "R16NW",
    "*.security_patch":  "2018-08-01",
    "*api_level": "25",
    "ignore-FIRST_API_LEVEL":  "26",
    "_DUMP_SOURCE":  "https://desktop.firmware.mobi/"
}