{
    "MANUFACTURER":  "samsung",
    "MODEL":  "SM-G935F",
    "BRAND":  "samsung",
    "PRODUCT":  "hero2ltexx",
    "DEVICE":  "hero2lte",
    "FINGERPRINT":  "samsung/hero2ltexx/hero2lte:8.0.0/R16NW/G935FXXS4ESBK:user/release-keys",
    "RELEASE":  "8.0.0",
    "ID":  "R16NW",
    "INCREMENTAL":  "G935FXXS4ESBK",
    "TYPE":  "user",
    "KEYS":  "release-keys",
    "SECURITY_PATCH":  "2019-02-01",
    "DEVICE_INITIAL_SDK_INT":  "26",
    "*.build.id":  "R16NW",
    "*.security_patch":  "2019-02-01",
    "*api_level":  "26",
    "ignore-FIRST_API_LEVEL":  "26",
    "_DUMP_SOURCE":  "https://desktop.firmware.mobi/"
}