{
    "MANUFACTURER":  "samsung",
    "MODEL":  "SM-G935S",
    "BRAND":  "samsung",
    "PRODUCT":  "hero2lteskt",
    "DEVICE":  "hero2lteskt",
    "FINGERPRINT":  "samsung/hero2lteskt/hero2lteskt:8.0.0/R16NW/G935SKSU1ERE8:user/release-keys",
    "RELEASE":  "8.0.0",
    "ID":  "R16NW",
    "INCREMENTAL":  "G935SKSU1ERE8",
    "TYPE":  "user",
    "KEYS":  "release-keys",
    "SECURITY_PATCH":  "2018-04-01",
    "DEVICE_INITIAL_SDK_INT":  "26",
    "*.build.id":  "R16NW",
    "*.security_patch":  "2018-04-01",
    "*api_level":  "26",
    "ignore-FIRST_API_LEVEL":  "26",
    "_DUMP_SOURCE":  "https://desktop.firmware.mobi/"
}