{
    "MANUFACTURER":  "samsung",
    "MODEL":  "SM-G950F",
    "BRAND":  "samsung",
    "PRODUCT":  "dreamltexx",
    "DEVICE":  "dreamlte",
    "FINGERPRINT":  "samsung/dreamltexx/dreamlte:8.0.0/R16NW/G950FXXS4CRJE:user/release-keys",
    "RELEASE":  "8.0.0",
    "ID":  "R16NW",
    "INCREMENTAL":  "G950FXXS4CRJE",
    "TYPE":  "user",
    "KEYS":  "release-keys",
    "SECURITY_PATCH":  "2018-10-01",
    "DEVICE_INITIAL_SDK_INT":  "26",
    "*.build.id":  "R16NW",
    "*.security_patch":  "2018-10-01",
    "*api_level":  "26",
    "ignore-FIRST_API_LEVEL":  "26",
    "_DUMP_SOURCE":  "https://desktop.firmware.mobi/"
}