{
    "MANUFACTURER":  "samsung",
    "MODEL":  "SM-G930VC",
    "BRAND":  "samsung",
    "PRODUCT":  "heroqltecctvzw",
    "DEVICE":  "heroqltecctvzw",
    "FINGERPRINT":  "samsung/heroqltecctvzw/heroqltecctvzw:8.0.0/R16NW/G930VCCTU4CRE5:user/release-keys",
    "RELEASE":  "8.0.0",
    "ID":  "R16NW",
    "INCREMENTAL":  "G930VCCTU4CRE5",
    "TYPE":  "user",
    "KEYS":  "release-keys",
    "SECURITY_PATCH":  "2018-04-01",
    "DEVICE_INITIAL_SDK_INT":  "26",
    "*.build.id":  "R16NW",
    "*.security_patch":  "2018-04-01",
    "*api_level":  "26",
    "ignore-FIRST_API_LEVEL":  "26",
    "_DUMP_SOURCE":  "https://desktop.firmware.mobi/"
}