{
    "MANUFACTURER":  "samsung",
    "MODEL":  "SM-N950F",
    "BRAND":  "samsung",
    "PRODUCT":  "greatltexx",
    "DEVICE":  "greatlte",
    "FINGERPRINT":  "samsung/greatltexx/greatlte:8.0.0/R16NW/N950FXXS3CRF6:user/release-keys",
    "RELEASE":  "8.0.0",
    "ID":  "R16NW",
    "INCREMENTAL":  "N950FXXS3CRF6",
    "TYPE":  "user",
    "KEYS":  "release-keys",
    "SECURITY_PATCH":  "2018-06-01",
    "DEVICE_INITIAL_SDK_INT":  "26",
    "*.build.id":  "R16NW",
    "*.security_patch":  "2018-06-01",
    "*api_level":  "26",
    "ignore-FIRST_API_LEVEL":  "26",
    "_DUMP_SOURCE":  "https://desktop.firmware.mobi/"
}