{
    "MANUFACTURER":  "samsung",
    "MODEL":  "SM-A520F",
    "BRAND":  "samsung",
    "PRODUCT":  "a5y17ltexx",
    "DEVICE":  "a5y17lte",
    "FINGERPRINT":  "samsung/a5y17ltexx/a5y17lte:8.0.0/R16NW/A520FXXS7CRK3:user/release-keys",
    "RELEASE":  "8.0.0",
    "ID":  "R16NW",
    "INCREMENTAL":  "A520FXXS7CRK3",
    "TYPE":  "user",
    "KEYS":  "release-keys",
    "SECURITY_PATCH":  "2018-11-01",
    "DEVICE_INITIAL_SDK_INT":  "26",
    "*.build.id":  "R16NW",
    "*.security_patch":  "2018-11-01",
    "*api_level":  "26",
    "ignore-FIRST_API_LEVEL":  "26",
    "_DUMP_SOURCE":  "https://desktop.firmware.mobi/"
}