{
    "MANUFACTURER":  "samsung",
    "MODEL":  "SM-G955F",
    "BRAND":  "samsung",
    "PRODUCT":  "dream2ltexx",
    "DEVICE":  "dream2lte",
    "FINGERPRINT":  "samsung/dream2ltexx/dream2lte:8.0.0/R16NW/G955FXXS4CRL8:user/release-keys",
    "RELEASE":  "8.0.0",
    "ID":  "R16NW",
    "INCREMENTAL":  "G955FXXS4CRL8",
    "TYPE":  "user",
    "KEYS":  "release-keys",
    "SECURITY_PATCH":  "2018-12-01",
    "DEVICE_INITIAL_SDK_INT":  "26",
    "*.build.id":  "R16NW",
    "*.security_patch":  "2018-12-01",
    "*api_level":  "26",
    "ignore-FIRST_API_LEVEL":  "26",
    "_DUMP_SOURCE":  "https://desktop.firmware.mobi/"
}