{
    "MANUFACTURER":  "samsung",
    "MODEL":  "SM-G965W",
    "BRAND":  "samsung",
    "PRODUCT":  "star2qltecs",
    "DEVICE":  "star2qltecs",
    "FINGERPRINT":  "samsung/star2qltecs/star2qltecs:8.0.0/R16NW/G965WVLU2ARE6:user/release-keys",
    "RELEASE":  "8.0.0",
    "ID":  "R16NW",
    "INCREMENTAL":  "G965WVLU2ARE6",
    "TYPE":  "user",
    "KEYS":  "release-keys",
    "SECURITY_PATCH":  "2018-05-01",
    "DEVICE_INITIAL_SDK_INT":  "25",
    "*.build.id":  "R16NW",
    "*.security_patch":  "2018-05-01",
    "*api_level":  "25",
    "ignore-FIRST_API_LEVEL":  "25",
    "_ORIGINAL_FIRST_API_LEVEL":  "26",
    "_DUMP_SOURCE":  "https://desktop.firmware.mobi/"
}