{
    "MANUFACTURER":  "samsung",
    "MODEL":  "SM-G960N",
    "BRAND":  "samsung",
    "PRODUCT":  "starlteks",
    "DEVICE":  "starlteks",
    "FINGERPRINT":  "samsung/starlteks/starlteks:8.0.0/R16NW/G960NKSU1ARD7:user/release-keys",
    "RELEASE":  "8.0.0",
    "ID":  "R16NW",
    "INCREMENTAL":  "G960NKSU1ARD7",
    "TYPE":  "user",
    "KEYS":  "release-keys",
    "SECURITY_PATCH":  "2018-04-01",
    "DEVICE_INITIAL_SDK_INT":  "25",
    "*.build.id":  "R16NW",
    "*.security_patch":  "2018-04-01",
    "*api_level":  "25",
    "ignore-FIRST_API_LEVEL":  "25",
    "_ORIGINAL_FIRST_API_LEVEL":  "26",
    "_DUMP_SOURCE":  "https://desktop.firmware.mobi/"
}