{
    "MANUFACTURER":  "samsung",
    "MODEL":  "SM-G935VC",
    "BRAND":  "samsung",
    "PRODUCT":  "hero2qltecctvzw",
    "DEVICE":  "hero2qltecctvzw",
    "FINGERPRINT":  "samsung/hero2qltecctvzw/hero2qltecctvzw:8.0.0/R16NW/G935VCCTS8CRJ1:user/release-keys",
    "RELEASE":  "8.0.0",
    "ID":  "R16NW",
    "INCREMENTAL":  "G935VCCTS8CRJ1",
    "TYPE":  "user",
    "KEYS":  "release-keys",
    "SECURITY_PATCH":  "2018-10-01",
    "DEVICE_INITIAL_SDK_INT":  "26",
    "*.build.id":  "R16NW",
    "*.security_patch":  "2018-10-01",
    "*api_level":  "26",
    "ignore-FIRST_API_LEVEL":  "26",
    "_DUMP_SOURCE":  "https://desktop.firmware.mobi/"
}