{
    "MANUFACTURER":  "samsung",
    "MODEL":  "SM-A810S",
    "BRAND":  "samsung",
    "PRODUCT":  "a8xelteskt",
    "DEVICE":  "a8xelteskt",
    "FINGERPRINT":  "samsung/a8xelteskt/a8xelteskt:8.0.0/R16NW/A810SKSU2CRG3:user/release-keys",
    "RELEASE":  "8.0.0",
    "ID":  "R16NW",
    "INCREMENTAL":  "A810SKSU2CRG3",
    "TYPE":  "user",
    "KEYS":  "release-keys",
    "SECURITY_PATCH":  "2018-06-01",
    "DEVICE_INITIAL_SDK_INT":  "26",
    "*.build.id":  "R16NW",
    "*.security_patch":  "2018-06-01",
    "*api_level":  "26",
    "ignore-FIRST_API_LEVEL":  "26",
    "_DUMP_SOURCE":  "https://desktop.firmware.mobi/"
}