{
    "MANUFACTURER":  "samsung",
    "MODEL":  "SM-A920F",
    "BRAND":  "samsung",
    "PRODUCT":  "a9y18qltexx",
    "DEVICE":  "a9y18qlte",
    "FINGERPRINT":  "samsung/a9y18qltexx/a9y18qlte:8.0.0/R16NW/A920FXXU1ARL8:user/release-keys",
    "RELEASE":  "8.0.0",
    "ID":  "R16NW",
    "INCREMENTAL":  "A920FXXU1ARL8",
    "TYPE":  "user",
    "KEYS":  "release-keys",
    "SECURITY_PATCH":  "2018-11-01",
    "DEVICE_INITIAL_SDK_INT":  "25",
    "*.build.id":  "R16NW",
    "*.security_patch":  "2018-11-01",
    "*api_level":  "25",
    "ignore-FIRST_API_LEVEL":  "25",
    "_ORIGINAL_FIRST_API_LEVEL":  "26",
    "_DUMP_SOURCE":  "https://desktop.firmware.mobi/"
}