{
    "MANUFACTURER":  "Xiaomi",
    "MODEL":  "MIX",
    "BRAND":  "Xiaomi",
    "PRODUCT":  "lithium",
    "DEVICE":  "lithium",
    "FINGERPRINT":  "Xiaomi/lithium/lithium:8.0.0/OPR1.170623.032/V10.2.1.0.OAHCNFK:user/release-keys",
    "RELEASE":  "8.0.0",
    "ID":  "OPR1.170623.032",
    "INCREMENTAL":  "V10.2.1.0.OAHCNFK",
    "TYPE":  "user",
    "KEYS":  "release-keys",
    "SECURITY_PATCH":  "2018-10-01",
    "DEVICE_INITIAL_SDK_INT":  "26",
    "*.build.id":  "OPR1.170623.032",
    "*.security_patch":  "2018-10-01",
    "*api_level":  "26",
    "ignore-FIRST_API_LEVEL":  "26",
    "_DUMP_SOURCE":  "https://dumps.tadiphone.dev/dumps"
}