{
    "MANUFACTURER":  "Xiaomi",
    "MODEL":  "MI PAD 4",
    "BRAND":  "Xiaomi",
    "PRODUCT":  "clover",
    "DEVICE":  "clover",
    "FINGERPRINT":  "Xiaomi/clover/clover:8.1.0/OPM1.171019.019/V10.2.1.0.ODJCNXM:user/release-keys",
    "RELEASE":  "8.1.0",
    "ID":  "OPM1.171019.019",
    "INCREMENTAL":  "V10.2.1.0.ODJCNXM",
    "TYPE":  "user",
    "KEYS":  "release-keys",
    "SECURITY_PATCH":  "2018-12-01",
    "DEVICE_INITIAL_SDK_INT":  "27",
    "*.build.id":  "OPM1.171019.019",
    "*.security_patch":  "2018-12-01",
    "*api_level":  "27",
    "ignore-FIRST_API_LEVEL":  "27",
    "_DUMP_SOURCE":  "https://dumps.tadiphone.dev/dumps"
}