{
    "MANUFACTURER":  "Yandex",
    "MODEL":  "YNDX-000SB",
    "BRAND":  "Yandex",
    "PRODUCT":  "Amber",
    "DEVICE":  "Amber",
    "FINGERPRINT":  "Yandex/Amber/Amber:8.1.0/8710.1.A.0045.20181206/12061600:user/release-keys",
    "RELEASE":  "8.1.0",
    "ID":  "8710.1.A.0045.20181206",
    "INCREMENTAL":  "12061600",
    "TYPE":  "user",
    "KEYS":  "release-keys",
    "SECURITY_PATCH":  "2018-11-05",
    "DEVICE_INITIAL_SDK_INT":  "25",
    "*.build.id":  "8710.1.A.0045.20181206",
    "*.security_patch":  "2018-11-05",
    "*api_level":  "25",
    "ignore-FIRST_API_LEVEL":  "25",
    "_ORIGINAL_FIRST_API_LEVEL":  "27",
    "_DUMP_SOURCE":  "https://dumps.tadiphone.dev/dumps"
}