{
    "MANUFACTURER":  "asus",
    "MODEL":  "ASUS_Z00TD",
    "BRAND":  "asus",
    "PRODUCT":  "WW_Z00T",
    "DEVICE":  "ASUS_Z00T",
    "FINGERPRINT":  "asus/WW_Z00T/ASUS_Z00T:6.0.1/MMB29P/WW_user_21.40.1220.2056_20170224:user/release-keys",
    "RELEASE":  "6.0.1",
    "ID":  "MMB29P",
    "INCREMENTAL":  "WW_user_21.40.1220.2056_20170224",
    "TYPE":  "user",
    "KEYS":  "release-keys",
    "DEVICE_INITIAL_SDK_INT":  "21",
    "*.build.id":  "MMB29P",
    "*api_level":  "21",
    "ignore-FIRST_API_LEVEL":  "21",
    "_DUMP_SOURCE":  "https://specdevice.com"
}