{
    "MANUFACTURER":  "Huawei",
    "MODEL":  "Nexus 6P",
    "BRAND":  "google",
    "PRODUCT":  "angler",
    "DEVICE":  "angler",
    "FINGERPRINT":  "google/angler/angler:6.0/MDB08K/2343511:user/release-keys",
    "RELEASE":  "6.0",
    "ID":  "MDB08K",
    "INCREMENTAL":  "2343511",
    "TYPE":  "user",
    "KEYS":  "release-keys",
    "SECURITY_PATCH":  "2015-10-01",
    "DEVICE_INITIAL_SDK_INT":  "23",
    "*.build.id":  "MDB08K",
    "*.security_patch":  "2015-10-01",
    "*api_level":  "23",
    "ignore-FIRST_API_LEVEL":  "23",
    "_DUMP_SOURCE":  "https://desktop.firmware.mobi/"
}