{
    "MANUFACTURER":  "Huawei",
    "MODEL":  "Nexus 6P",
    "BRAND":  "google",
    "PRODUCT":  "angler",
    "DEVICE":  "angler",
    "FINGERPRINT":  "google/angler/angler:6.0.1/MTC19T/2741993:user/release-keys",
    "RELEASE":  "6.0.1",
    "ID":  "MTC19T",
    "INCREMENTAL":  "2741993",
    "TYPE":  "user",
    "KEYS":  "release-keys",
    "SECURITY_PATCH":  "2016-05-01",
    "DEVICE_INITIAL_SDK_INT":  "23",
    "*.build.id":  "MTC19T",
    "*.security_patch":  "2016-05-01",
    "*api_level":  "23",
    "ignore-FIRST_API_LEVEL":  "23",
    "_DUMP_SOURCE":  "https://desktop.firmware.mobi/"
}