{
  // Build Fields
    "MANUFACTURER": "motorola",
    "MODEL": "XT1575",
    "FINGERPRINT": "motorola/clark_retus/clark:6.0/MPHS24.49-18-8/4:user/release-keys",
    "BRAND": "motorola",
    "PRODUCT": "clark_retus",
    "DEVICE": "clark",
    "RELEASE": "6.0",
    "ID": "MPHS24.49-18-8",
    "INCREMENTAL": "4",
    "TYPE": "user",
    "TAGS": "release-keys",
    "SECURITY_PATCH": "2016-09-01",
    "DEVICE_INITIAL_SDK_INT": "25",

  // System Properties
    "*.build.id": "MPHS24.49-18-8",
    "*.security_patch": "2016-09-01",
    "*api_level": "25",

  // Additional fields
    "_DUMP_SOURCE": "https://sourceforge.net/projects/xiaomi-eu-multilang-miui-roms/rss?path=/xiaomi.eu/Xiaomi.eu-app",
    "_COMMENT": "XiaomiEUModule_2024.02.29.apk, rename to zip, unzip, open res/xml/inject_fields.xml ",
    "verboseLogs": "4"
}
