{
    "MANUFACTURER":  "samsung",
    "MODEL":  "SM-T719Y",
    "BRAND":  "samsung",
    "PRODUCT":  "gts28veltedx",
    "DEVICE":  "gts28velte",
    "FINGERPRINT":  "samsung/gts28veltedx/gts28velte:6.0.1/MMB29M/T719YDXU1APEA:user/release-keys",
    "RELEASE":  "6.0.1",
    "ID":  "MMB29M",
    "INCREMENTAL":  "T719YDXU1APEA",
    "TYPE":  "user",
    "KEYS":  "release-keys",
    "SECURITY_PATCH":  "2016-06-01",
    "DEVICE_INITIAL_SDK_INT":  "23",
    "*.build.id":  "MMB29M",
    "*.security_patch":  "2016-06-01",
    "*api_level":  "23",
    "ignore-FIRST_API_LEVEL":  "23",
    "_DUMP_SOURCE":  "https://desktop.firmware.mobi/"
}