{
    "MANUFACTURER":  "samsung",
    "MODEL":  "SM-G925F",
    "BRAND":  "samsung",
    "PRODUCT":  "zeroltexx",
    "DEVICE":  "zerolte",
    "FINGERPRINT":  "samsung/zeroltexx/zerolte:6.0.1/MMB29K/G925FXXS5DQJ1:user/release-keys",
    "RELEASE":  "6.0.1",
    "ID":  "MMB29K",
    "INCREMENTAL":  "G925FXXS5DQJ1",
    "TYPE":  "user",
    "KEYS":  "release-keys",
    "SECURITY_PATCH":  "2017-10-01",
    "DEVICE_INITIAL_SDK_INT":  "23",
    "*.build.id":  "MMB29K",
    "*.security_patch":  "2017-10-01",
    "*api_level":  "23",
    "ignore-FIRST_API_LEVEL":  "23",
    "_DUMP_SOURCE":  "https://desktop.firmware.mobi/"
}