{
    "MANUFACTURER":  "samsung",
    "MODEL":  "SM-G930W8",
    "BRAND":  "samsung",
    "PRODUCT":  "heroltebmc",
    "DEVICE":  "heroltebmc",
    "FINGERPRINT":  "samsung/heroltebmc/heroltebmc:6.0.1/MMB29K/G930W8VLU2APJ7:user/release-keys",
    "RELEASE":  "6.0.1",
    "ID":  "MMB29K",
    "INCREMENTAL":  "G930W8VLU2APJ7",
    "TYPE":  "user",
    "KEYS":  "release-keys",
    "SECURITY_PATCH":  "2016-11-01",
    "DEVICE_INITIAL_SDK_INT":  "23",
    "*.build.id":  "MMB29K",
    "*.security_patch":  "2016-11-01",
    "*api_level":  "23",
    "ignore-FIRST_API_LEVEL":  "23",
    "_DUMP_SOURCE":  "https://desktop.firmware.mobi/"
}