{
    "MANUFACTURER":  "samsung",
    "MODEL":  "SM-G925I",
    "BRAND":  "samsung",
    "PRODUCT":  "zeroltedv",
    "DEVICE":  "zerolte",
    "FINGERPRINT":  "samsung/zeroltedv/zerolte:6.0.1/MMB29K/G925IDVU3EPFC:user/release-keys",
    "RELEASE":  "6.0.1",
    "ID":  "MMB29K",
    "INCREMENTAL":  "G925IDVU3EPFC",
    "TYPE":  "user",
    "KEYS":  "release-keys",
    "SECURITY_PATCH":  "2016-06-01",
    "DEVICE_INITIAL_SDK_INT":  "23",
    "*.build.id":  "MMB29K",
    "*.security_patch":  "2016-06-01",
    "*api_level":  "23",
    "ignore-FIRST_API_LEVEL":  "23",
    "_DUMP_SOURCE":  "https://desktop.firmware.mobi/"
}