{
    "MANUFACTURER":  "samsung",
    "MODEL":  "SM-N920R7",
    "BRAND":  "samsung",
    "PRODUCT":  "noblelteacg",
    "DEVICE":  "noblelteacg",
    "FINGERPRINT":  "samsung/noblelteacg/noblelteacg:6.0.1/MMB29K/N920R7WWU2APK3:user/release-keys",
    "RELEASE":  "6.0.1",
    "ID":  "MMB29K",
    "INCREMENTAL":  "N920R7WWU2APK3",
    "TYPE":  "user",
    "KEYS":  "release-keys",
    "SECURITY_PATCH":  "2016-11-01",
    "DEVICE_INITIAL_SDK_INT":  "23",
    "*.build.id":  "MMB29K",
    "*.security_patch":  "2016-11-01",
    "*api_level":  "23",
    "ignore-FIRST_API_LEVEL":  "23",
    "_DUMP_SOURCE":  "https://desktop.firmware.mobi/"
}