{
    "MANUFACTURER":  "samsung",
    "MODEL":  "SM-G9200",
    "BRAND":  "samsung",
    "PRODUCT":  "zerofltezh",
    "DEVICE":  "zerofltechn",
    "FINGERPRINT":  "samsung/zerofltezh/zerofltechn:6.0.1/MMB29K/G9200ZHS2DPJ1:user/release-keys",
    "RELEASE":  "6.0.1",
    "ID":  "MMB29K",
    "INCREMENTAL":  "G9200ZHS2DPJ1",
    "TYPE":  "user",
    "KEYS":  "release-keys",
    "SECURITY_PATCH":  "2016-10-01",
    "DEVICE_INITIAL_SDK_INT":  "23",
    "*.build.id":  "MMB29K",
    "*.security_patch":  "2016-10-01",
    "*api_level":  "23",
    "ignore-FIRST_API_LEVEL":  "23",
    "_DUMP_SOURCE":  "https://desktop.firmware.mobi/"
}