{
    "MANUFACTURER":  "samsung",
    "MODEL":  "SM-G928G",
    "BRAND":  "samsung",
    "PRODUCT":  "zenlteub",
    "DEVICE":  "zenlte",
    "FINGERPRINT":  "samsung/zenlteub/zenlte:6.0.1/MMB29K/G928GUBS3BQA2:user/release-keys",
    "RELEASE":  "6.0.1",
    "ID":  "MMB29K",
    "INCREMENTAL":  "G928GUBS3BQA2",
    "TYPE":  "user",
    "KEYS":  "release-keys",
    "SECURITY_PATCH":  "2017-01-01",
    "DEVICE_INITIAL_SDK_INT":  "23",
    "*.build.id":  "MMB29K",
    "*.security_patch":  "2017-01-01",
    "*api_level":  "23",
    "ignore-FIRST_API_LEVEL":  "23",
    "_DUMP_SOURCE":  "https://desktop.firmware.mobi/"
}