{
    "MANUFACTURER":  "samsung",
    "MODEL":  "SM-A910F",
    "BRAND":  "samsung",
    "PRODUCT":  "a9xproltedx",
    "DEVICE":  "a9xproltesea",
    "FINGERPRINT":  "samsung/a9xproltedx/a9xproltesea:6.0.1/MMB29M/A910FXXU1APJ4:user/release-keys",
    "RELEASE":  "6.0.1",
    "ID":  "MMB29M",
    "INCREMENTAL":  "A910FXXU1APJ4",
    "TYPE":  "user",
    "KEYS":  "release-keys",
    "SECURITY_PATCH":  "2016-10-01",
    "DEVICE_INITIAL_SDK_INT":  "23",
    "*.build.id":  "MMB29M",
    "*.security_patch":  "2016-10-01",
    "*api_level":  "23",
    "ignore-FIRST_API_LEVEL":  "23",
    "_DUMP_SOURCE":  "https://desktop.firmware.mobi/"
}