{
    "MANUFACTURER":  "samsung",
    "MODEL":  "SM-A520L",
    "BRAND":  "samsung",
    "PRODUCT":  "a5y17ltelgt",
    "DEVICE":  "a5y17ltelgt",
    "FINGERPRINT":  "samsung/a5y17ltelgt/a5y17ltelgt:6.0.1/MMB29K/A520LKLU1AQD1:user/release-keys",
    "RELEASE":  "6.0.1",
    "ID":  "MMB29K",
    "INCREMENTAL":  "A520LKLU1AQD1",
    "TYPE":  "user",
    "KEYS":  "release-keys",
    "SECURITY_PATCH":  "2017-04-01",
    "DEVICE_INITIAL_SDK_INT":  "23",
    "*.build.id":  "MMB29K",
    "*.security_patch":  "2017-04-01",
    "*api_level":  "23",
    "ignore-FIRST_API_LEVEL":  "23",
    "_DUMP_SOURCE":  "https://desktop.firmware.mobi/"
}