{
    "MANUFACTURER":  "samsung",
    "MODEL":  "SM-G935R4",
    "BRAND":  "samsung",
    "PRODUCT":  "hero2qlteusc",
    "DEVICE":  "hero2qlteusc",
    "FINGERPRINT":  "samsung/hero2qlteusc/hero2qlteusc:6.0.1/MMB29M/G935R4TYS4APL1:user/release-keys",
    "RELEASE":  "6.0.1",
    "ID":  "MMB29M",
    "INCREMENTAL":  "G935R4TYS4APL1",
    "TYPE":  "user",
    "KEYS":  "release-keys",
    "SECURITY_PATCH":  "2016-12-01",
    "DEVICE_INITIAL_SDK_INT":  "23",
    "*.build.id":  "MMB29M",
    "*.security_patch":  "2016-12-01",
    "*api_level":  "23",
    "ignore-FIRST_API_LEVEL":  "23",
    "_DUMP_SOURCE":  "https://desktop.firmware.mobi/"
}