{
    "MANUFACTURER":  "samsung",
    "MODEL":  "SM-G928L",
    "BRAND":  "samsung",
    "PRODUCT":  "zenltelgt",
    "DEVICE":  "zenltelgt",
    "FINGERPRINT":  "samsung/zenltelgt/zenltelgt:6.0.1/MMB29K/G928LKLU2BPH3:user/release-keys",
    "RELEASE":  "6.0.1",
    "ID":  "MMB29K",
    "INCREMENTAL":  "G928LKLU2BPH3",
    "TYPE":  "user",
    "KEYS":  "release-keys",
    "SECURITY_PATCH":  "2016-08-01",
    "DEVICE_INITIAL_SDK_INT":  "23",
    "*.build.id":  "MMB29K",
    "*.security_patch":  "2016-08-01",
    "*api_level":  "23",
    "ignore-FIRST_API_LEVEL":  "23",
    "_DUMP_SOURCE":  "https://desktop.firmware.mobi/"
}