{
    "MANUFACTURER":  "samsung",
    "MODEL":  "SM-G920I",
    "BRAND":  "samsung",
    "PRODUCT":  "zerofltedv",
    "DEVICE":  "zeroflte",
    "FINGERPRINT":  "samsung/zerofltedv/zeroflte:6.0.1/MMB29K/G920IDVU3EPJH:user/release-keys",
    "RELEASE":  "6.0.1",
    "ID":  "MMB29K",
    "INCREMENTAL":  "G920IDVU3EPJH",
    "TYPE":  "user",
    "KEYS":  "release-keys",
    "SECURITY_PATCH":  "2016-10-01",
    "DEVICE_INITIAL_SDK_INT":  "23",
    "*.build.id":  "MMB29K",
    "*.security_patch":  "2016-10-01",
    "*api_level":  "23",
    "ignore-FIRST_API_LEVEL":  "23",
    "_DUMP_SOURCE":  "https://desktop.firmware.mobi/"
}