{
    "MANUFACTURER":  "samsung",
    "MODEL":  "SM-A520F",
    "BRAND":  "samsung",
    "PRODUCT":  "a5y17ltexx",
    "DEVICE":  "a5y17lte",
    "FINGERPRINT":  "samsung/a5y17ltexx/a5y17lte:6.0.1/MMB29K/A520FXXU1AQAD:user/release-keys",
    "RELEASE":  "6.0.1",
    "ID":  "MMB29K",
    "INCREMENTAL":  "A520FXXU1AQAD",
    "TYPE":  "user",
    "KEYS":  "release-keys",
    "SECURITY_PATCH":  "2017-01-01",
    "DEVICE_INITIAL_SDK_INT":  "23",
    "*.build.id":  "MMB29K",
    "*.security_patch":  "2017-01-01",
    "*api_level":  "23",
    "ignore-FIRST_API_LEVEL":  "23",
    "_DUMP_SOURCE":  "https://desktop.firmware.mobi/"
}