{
    "MANUFACTURER":  "samsung",
    "MODEL":  "SC-05G",
    "BRAND":  "samsung",
    "PRODUCT":  "SC-05G",
    "DEVICE":  "SC-05G",
    "FINGERPRINT":  "samsung/SC-05G/SC-05G:6.0.1/MMB29K/SC05GOMU1BPC2:user/release-keys",
    "RELEASE":  "6.0.1",
    "ID":  "MMB29K",
    "INCREMENTAL":  "SC05GOMU1BPC2",
    "TYPE":  "user",
    "KEYS":  "release-keys",
    "SECURITY_PATCH":  "2016-03-01",
    "DEVICE_INITIAL_SDK_INT":  "23",
    "*.build.id":  "MMB29K",
    "*.security_patch":  "2016-03-01",
    "*api_level":  "23",
    "ignore-FIRST_API_LEVEL":  "23",
    "_DUMP_SOURCE":  "https://desktop.firmware.mobi/"
}