{
    "MANUFACTURER":  "samsung",
    "MODEL":  "SM-G920L",
    "BRAND":  "samsung",
    "PRODUCT":  "zerofltelgt",
    "DEVICE":  "zerofltelgt",
    "FINGERPRINT":  "samsung/zerofltelgt/zerofltelgt:6.0.1/MMB29K/G920LKLU3DPD2:user/release-keys",
    "RELEASE":  "6.0.1",
    "ID":  "MMB29K",
    "INCREMENTAL":  "G920LKLU3DPD2",
    "TYPE":  "user",
    "KEYS":  "release-keys",
    "SECURITY_PATCH":  "2016-04-02",
    "DEVICE_INITIAL_SDK_INT":  "23",
    "*.build.id":  "MMB29K",
    "*.security_patch":  "2016-04-02",
    "*api_level":  "23",
    "ignore-FIRST_API_LEVEL":  "23",
    "_DUMP_SOURCE":  "https://desktop.firmware.mobi/"
}