{
    "MANUFACTURER":  "samsung",
    "MODEL":  "SM-G9287",
    "BRAND":  "samsung",
    "PRODUCT":  "zenltezh",
    "DEVICE":  "zenlte",
    "FINGERPRINT":  "samsung/zenltezh/zenlte:6.0.1/MMB29K/G9287ZHU2BPE1:user/release-keys",
    "RELEASE":  "6.0.1",
    "ID":  "MMB29K",
    "INCREMENTAL":  "G9287ZHU2BPE1",
    "TYPE":  "user",
    "KEYS":  "release-keys",
    "SECURITY_PATCH":  "2016-05-01",
    "DEVICE_INITIAL_SDK_INT":  "23",
    "*.build.id":  "MMB29K",
    "*.security_patch":  "2016-05-01",
    "*api_level":  "23",
    "ignore-FIRST_API_LEVEL":  "23",
    "_DUMP_SOURCE":  "https://desktop.firmware.mobi/"
}