{
    "MANUFACTURER":  "samsung",
    "MODEL":  "SM-N920G",
    "BRAND":  "samsung",
    "PRODUCT":  "noblelteub",
    "DEVICE":  "noblelte",
    "FINGERPRINT":  "samsung/noblelteub/noblelte:6.0.1/MMB29K/N920GUBU2BPC2:user/release-keys",
    "RELEASE":  "6.0.1",
    "ID":  "MMB29K",
    "INCREMENTAL":  "N920GUBU2BPC2",
    "TYPE":  "user",
    "KEYS":  "release-keys",
    "SECURITY_PATCH":  "2016-03-01",
    "DEVICE_INITIAL_SDK_INT":  "23",
    "*.build.id":  "MMB29K",
    "*.security_patch":  "2016-03-01",
    "*api_level":  "23",
    "ignore-FIRST_API_LEVEL":  "23",
    "_DUMP_SOURCE":  "https://desktop.firmware.mobi/"
}