{
    "MANUFACTURER":  "samsung",
    "MODEL":  "SM-G930P",
    "BRAND":  "samsung",
    "PRODUCT":  "heroqltespr",
    "DEVICE":  "heroqltespr",
    "FINGERPRINT":  "samsung/heroqltespr/heroqltespr:6.0.1/MMB29M/G930PVPU2APF2:user/release-keys",
    "RELEASE":  "6.0.1",
    "ID":  "MMB29M",
    "INCREMENTAL":  "G930PVPU2APF2",
    "TYPE":  "user",
    "KEYS":  "release-keys",
    "SECURITY_PATCH":  "2016-06-01",
    "DEVICE_INITIAL_SDK_INT":  "23",
    "*.build.id":  "MMB29M",
    "*.security_patch":  "2016-06-01",
    "*api_level":  "23",
    "ignore-FIRST_API_LEVEL":  "23",
    "_DUMP_SOURCE":  "https://desktop.firmware.mobi/"
}