{
    "MANUFACTURER":  "samsung",
    "MODEL":  "SM-G930F",
    "BRAND":  "samsung",
    "PRODUCT":  "heroltexx",
    "DEVICE":  "herolte",
    "FINGERPRINT":  "samsung/heroltexx/herolte:6.0.1/MMB29K/G930FXXU1APGG:user/release-keys",
    "RELEASE":  "6.0.1",
    "ID":  "MMB29K",
    "INCREMENTAL":  "G930FXXU1APGG",
    "TYPE":  "user",
    "KEYS":  "release-keys",
    "SECURITY_PATCH":  "2016-07-01",
    "DEVICE_INITIAL_SDK_INT":  "23",
    "*.build.id":  "MMB29K",
    "*.security_patch":  "2016-07-01",
    "*api_level":  "23",
    "ignore-FIRST_API_LEVEL":  "23",
    "_DUMP_SOURCE":  "https://desktop.firmware.mobi/"
}