{
    "MANUFACTURER":  "samsung",
    "MODEL":  "SM-N920W8",
    "BRAND":  "samsung",
    "PRODUCT":  "nobleltebmc",
    "DEVICE":  "nobleltebmc",
    "FINGERPRINT":  "samsung/nobleltebmc/nobleltebmc:6.0.1/MMB29K/N920W8VLU4BPJ1:user/release-keys",
    "RELEASE":  "6.0.1",
    "ID":  "MMB29K",
    "INCREMENTAL":  "N920W8VLU4BPJ1",
    "TYPE":  "user",
    "KEYS":  "release-keys",
    "SECURITY_PATCH":  "2016-10-01",
    "DEVICE_INITIAL_SDK_INT":  "23",
    "*.build.id":  "MMB29K",
    "*.security_patch":  "2016-10-01",
    "*api_level":  "23",
    "ignore-FIRST_API_LEVEL":  "23",
    "_DUMP_SOURCE":  "https://desktop.firmware.mobi/"
}