{
    "MANUFACTURER":  "samsung",
    "MODEL":  "SM-T813",
    "BRAND":  "samsung",
    "PRODUCT":  "gts210vewifixx",
    "DEVICE":  "gts210vewifi",
    "FINGERPRINT":  "samsung/gts210vewifixx/gts210vewifi:6.0.1/MMB29M/T813XXU2APK2:user/release-keys",
    "RELEASE":  "6.0.1",
    "ID":  "MMB29M",
    "INCREMENTAL":  "T813XXU2APK2",
    "TYPE":  "user",
    "KEYS":  "release-keys",
    "SECURITY_PATCH":  "2016-11-01",
    "DEVICE_INITIAL_SDK_INT":  "23",
    "*.build.id":  "MMB29M",
    "*.security_patch":  "2016-11-01",
    "*api_level":  "23",
    "ignore-FIRST_API_LEVEL":  "23",
    "_DUMP_SOURCE":  "https://desktop.firmware.mobi/"
}