{
    "MANUFACTURER":  "samsung",
    "MODEL":  "SM-G920F",
    "BRAND":  "samsung",
    "PRODUCT":  "zerofltexx",
    "DEVICE":  "zeroflte",
    "FINGERPRINT":  "samsung/zerofltexx/zeroflte:6.0.1/MMB29K/G920FXXU4DPGJ:user/release-keys",
    "RELEASE":  "6.0.1",
    "ID":  "MMB29K",
    "INCREMENTAL":  "G920FXXU4DPGJ",
    "TYPE":  "user",
    "KEYS":  "release-keys",
    "SECURITY_PATCH":  "2016-07-01",
    "DEVICE_INITIAL_SDK_INT":  "23",
    "*.build.id":  "MMB29K",
    "*.security_patch":  "2016-07-01",
    "*api_level":  "23",
    "ignore-FIRST_API_LEVEL":  "23",
    "_DUMP_SOURCE":  "https://desktop.firmware.mobi/"
}