{
    "MANUFACTURER":  "samsung",
    "MODEL":  "SM-G935F",
    "BRAND":  "samsung",
    "PRODUCT":  "hero2ltexx",
    "DEVICE":  "hero2lte",
    "FINGERPRINT":  "samsung/hero2ltexx/hero2lte:6.0.1/MMB29K/G935FXXS1BPIB:user/release-keys",
    "RELEASE":  "6.0.1",
    "ID":  "MMB29K",
    "INCREMENTAL":  "G935FXXS1BPIB",
    "TYPE":  "user",
    "KEYS":  "release-keys",
    "SECURITY_PATCH":  "2016-09-01",
    "DEVICE_INITIAL_SDK_INT":  "23",
    "*.build.id":  "MMB29K",
    "*.security_patch":  "2016-09-01",
    "*api_level":  "23",
    "ignore-FIRST_API_LEVEL":  "23",
    "_DUMP_SOURCE":  "https://desktop.firmware.mobi/"
}