{
    "MANUFACTURER":  "samsung",
    "MODEL":  "SM-G935U",
    "BRAND":  "samsung",
    "PRODUCT":  "hero2qlteue",
    "DEVICE":  "hero2qlteue",
    "FINGERPRINT":  "samsung/hero2qlteue/hero2qlteue:6.0.1/MMB29M/G935UUEU2APG9:user/release-keys",
    "RELEASE":  "6.0.1",
    "ID":  "MMB29M",
    "INCREMENTAL":  "G935UUEU2APG9",
    "TYPE":  "user",
    "KEYS":  "release-keys",
    "SECURITY_PATCH":  "2016-08-01",
    "DEVICE_INITIAL_SDK_INT":  "23",
    "*.build.id":  "MMB29M",
    "*.security_patch":  "2016-08-01",
    "*api_level":  "23",
    "ignore-FIRST_API_LEVEL":  "23",
    "_DUMP_SOURCE":  "https://desktop.firmware.mobi/"
}