{
    "MANUFACTURER":  "samsung",
    "MODEL":  "SM-G930T1",
    "BRAND":  "samsung",
    "PRODUCT":  "heroqltemtr",
    "DEVICE":  "heroqltemtr",
    "FINGERPRINT":  "samsung/heroqltemtr/heroqltemtr:6.0.1/MMB29M/G930T1UVU4APK1:user/release-keys",
    "RELEASE":  "6.0.1",
    "ID":  "MMB29M",
    "INCREMENTAL":  "G930T1UVU4APK1",
    "TYPE":  "user",
    "KEYS":  "release-keys",
    "SECURITY_PATCH":  "2016-11-01",
    "DEVICE_INITIAL_SDK_INT":  "23",
    "*.build.id":  "MMB29M",
    "*.security_patch":  "2016-11-01",
    "*api_level":  "23",
    "ignore-FIRST_API_LEVEL":  "23",
    "_DUMP_SOURCE":  "https://desktop.firmware.mobi/"
}