{
    "MANUFACTURER":  "samsung",
    "MODEL":  "SM-A720F",
    "BRAND":  "samsung",
    "PRODUCT":  "a7y17ltexx",
    "DEVICE":  "a7y17lte",
    "FINGERPRINT":  "samsung/a7y17ltexx/a7y17lte:6.0.1/MMB29K/A720FXXS1AQE4:user/release-keys",
    "RELEASE":  "6.0.1",
    "ID":  "MMB29K",
    "INCREMENTAL":  "A720FXXS1AQE4",
    "TYPE":  "user",
    "KEYS":  "release-keys",
    "SECURITY_PATCH":  "2017-05-01",
    "DEVICE_INITIAL_SDK_INT":  "23",
    "*.build.id":  "MMB29K",
    "*.security_patch":  "2017-05-01",
    "*api_level":  "23",
    "ignore-FIRST_API_LEVEL":  "23",
    "_DUMP_SOURCE":  "https://desktop.firmware.mobi/"
}