{
    "MANUFACTURER":  "samsung",
    "MODEL":  "SC-04G",
    "BRAND":  "samsung",
    "PRODUCT":  "SC-04G",
    "DEVICE":  "SC-04G",
    "FINGERPRINT":  "samsung/SC-04G/SC-04G:6.0.1/MMB29K/SC04GOMU1BPJ3:user/release-keys",
    "RELEASE":  "6.0.1",
    "ID":  "MMB29K",
    "INCREMENTAL":  "SC04GOMU1BPJ3",
    "TYPE":  "user",
    "KEYS":  "release-keys",
    "SECURITY_PATCH":  "2016-10-01",
    "DEVICE_INITIAL_SDK_INT":  "23",
    "*.build.id":  "MMB29K",
    "*.security_patch":  "2016-10-01",
    "*api_level":  "23",
    "ignore-FIRST_API_LEVEL":  "23",
    "_DUMP_SOURCE":  "https://desktop.firmware.mobi/"
}