{
    "MANUFACTURER":  "Xiaomi",
    "MODEL":  "Redmi 3S",
    "BRAND":  "Xiaomi",
    "PRODUCT":  "land",
    "DEVICE":  "land",
    "FINGERPRINT":  "Xiaomi/land/land:6.0.1/MMB29M/V9.6.1.0.MALMIFD:user/release-keys",
    "RELEASE":  "6.0.1",
    "ID":  "MMB29M",
    "INCREMENTAL":  "V9.6.1.0.MALMIFD",
    "TYPE":  "user",
    "KEYS":  "release-keys",
    "SECURITY_PATCH":  "2017-04-01",
    "DEVICE_INITIAL_SDK_INT":  "23",
    "*.build.id":  "MMB29M",
    "*.security_patch":  "2017-04-01",
    "*api_level":  "23",
    "ignore-FIRST_API_LEVEL":  "23",
    "_DUMP_SOURCE":  "https://specdevice.com"
}