{
    "MANUFACTURER":  "Xiaomi",
    "MODEL":  "Redmi Note 4",
    "BRAND":  "Xiaomi",
    "PRODUCT":  "nikel",
    "DEVICE":  "nikel",
    "FINGERPRINT":  "Xiaomi/nikel/nikel:6.0/MRA58K/V8.5.6.0.MBFCNED:user/release-keys",
    "RELEASE":  "6.0",
    "ID":  "MRA58K",
    "INCREMENTAL":  "V8.5.6.0.MBFCNED",
    "TYPE":  "user",
    "KEYS":  "release-keys",
    "DEVICE_INITIAL_SDK_INT":  "23",
    "*.build.id":  "MRA58K",
    "*api_level":  "23",
    "ignore-FIRST_API_LEVEL":  "23",
    "_DUMP_SOURCE":  "https://specdevice.com"
}