{
  // Build Fields
    "MANUFACTURER": "samsung",
    "MODEL": "SM-A810S",
    "FINGERPRINT": "samsung/a8xelteskt/a8xelteskt:8.0.0/R16NW/A810SKSU2CRG3:user/release-keys",
    "BRAND": "samsung",
    "PRODUCT": "a8xelteskt",
    "DEVICE": "a8xelteskt",
    "RELEASE": "8.0.0",
    "ID": "R16NW",
    "INCREMENTAL": "A810SKSU2CRG3",
    "TYPE": "user",
    "TAGS": "release-keys",
    "SECURITY_PATCH": "2018-06-01",
    "DEVICE_INITIAL_SDK_INT": "26",

  // System Properties
    "*.build.id": "R16NW",
    "*.security_patch": "2018-06-01",
    "*api_level": "26",

  // Additional fields
    "_DUMP_SOURCE": "https://desktop.firmware.mobi/",
    "verboseLogs": "4"
}
