{
  // Build Fields
    "MANUFACTURER": "samsung",
    "MODEL": "SM-N950F",
    "FINGERPRINT": "samsung/greatltexx/greatlte:8.0.0/R16NW/N950FXXS5CRL2:user/release-keys",
    "BRAND": "samsung",
    "PRODUCT": "greatltexx",
    "DEVICE": "greatlte",
    "RELEASE": "8.0.0",
    "ID": "R16NW",
    "INCREMENTAL": "N950FXXS5CRL2",
    "TYPE": "user",
    "TAGS": "release-keys",
    "SECURITY_PATCH": "2018-12-01",
    "DEVICE_INITIAL_SDK_INT": "26",

  // System Properties
    "*.build.id": "R16NW",
    "*.security_patch": "2018-12-01",
    "*api_level": "26",

  // Additional fields
    "_DUMP_SOURCE": "https://desktop.firmware.mobi/",
    "verboseLogs": "4"
}
