{
    "MANUFACTURER":  "Google",
    "MODEL":  "Pixel 4",
    "BRAND":  "google",
    "PRODUCT":  "flame",
    "DEVICE":  "flame",
    "FINGERPRINT":  "google/flame/flame:10/QD1A.190821.014.C2/5925854:user/release-keys",
    "RELEASE":  "10",
    "ID":  "QD1A.190821.014.C2",
    "INCREMENTAL":  "5925854",
    "TYPE":  "user",
    "KEYS":  "release-keys",
    "SECURITY_PATCH":  "2019-11-05",
    "DEVICE_INITIAL_SDK_INT":  "25",
    "*.build.id":  "QD1A.190821.014.C2",
    "*.security_patch":  "2019-11-05",
    "*api_level":  "25",
    "ignore-FIRST_API_LEVEL":  "25",
    "_ORIGINAL_FIRST_API_LEVEL":  "29",
    "_DUMP_SOURCE":  "https://desktop.firmware.mobi/"
}