{
    "MANUFACTURER":  "Google",
    "MODEL":  "Pixel 3a XL",
    "BRAND":  "google",
    "PRODUCT":  "bonito",
    "DEVICE":  "bonito",
    "FINGERPRINT":  "google/bonito/bonito:10/QQ2A.200501.001.A3/6353761:user/release-keys",
    "RELEASE":  "10",
    "ID":  "QQ2A.200501.001.A3",
    "INCREMENTAL":  "6353761",
    "TYPE":  "user",
    "KEYS":  "release-keys",
    "SECURITY_PATCH":  "2020-05-05",
    "DEVICE_INITIAL_SDK_INT":  "25",
    "*.build.id":  "QQ2A.200501.001.A3",
    "*.security_patch":  "2020-05-05",
    "*api_level":  "25",
    "ignore-FIRST_API_LEVEL":  "25",
    "_ORIGINAL_FIRST_API_LEVEL":  "29",
    "_DUMP_SOURCE":  "https://desktop.firmware.mobi/"
}