{
    "MANUFACTURER":  "Google",
    "MODEL":  "Pixel 4",
    "BRAND":  "google",
    "PRODUCT":  "flame",
    "DEVICE":  "flame",
    "FINGERPRINT":  "google/flame/flame:10/QQ1B.191205.012.A1/6015823:user/release-keys",
    "RELEASE":  "10",
    "ID":  "QQ1B.191205.012.A1",
    "INCREMENTAL":  "6015823",
    "TYPE":  "user",
    "KEYS":  "release-keys",
    "SECURITY_PATCH":  "2019-12-05",
    "DEVICE_INITIAL_SDK_INT":  "25",
    "*.build.id":  "QQ1B.191205.012.A1",
    "*.security_patch":  "2019-12-05",
    "*api_level":  "25",
    "ignore-FIRST_API_LEVEL":  "25",
    "_ORIGINAL_FIRST_API_LEVEL":  "29",
    "_DUMP_SOURCE":  "https://desktop.firmware.mobi/"
}