{
    "MANUFACTURER":  "HMD Global",
    "MODEL":  "Nokia 7.2",
    "BRAND":  "Nokia",
    "PRODUCT":  "Daredevil_00WW",
    "DEVICE":  "DDV_sprout",
    "FINGERPRINT":  "Nokia/Daredevil_00WW/DDV_sprout:10/QKQ1.191014.001/00WW_2_250:user/release-keys",
    "RELEASE":  "10",
    "ID":  "QKQ1.191014.001",
    "INCREMENTAL":  "00WW_2_250",
    "TYPE":  "user",
    "KEYS":  "release-keys",
    "SECURITY_PATCH":  "2020-03-05",
    "DEVICE_INITIAL_SDK_INT":  "25",
    "*.build.id":  "QKQ1.191014.001",
    "*.security_patch":  "2020-03-05",
    "*api_level":  "25",
    "ignore-FIRST_API_LEVEL":  "25",
    "_ORIGINAL_FIRST_API_LEVEL":  "28",
    "_DUMP_SOURCE":  "https://dumps.tadiphone.dev/dumps"
}