{
    "MANUFACTURER":  "OnePlus",
    "MODEL":  "BE2026",
    "BRAND":  "OnePlus",
    "PRODUCT":  "OnePlusN10",
    "DEVICE":  "OnePlusN10",
    "FINGERPRINT":  "OnePlus/OnePlusN10/OnePlusN10:10/QKQ1.200830.002/2103251959:user/release-keys",
    "RELEASE":  "10",
    "ID":  "QKQ1.200830.002",
    "INCREMENTAL":  "2103251959",
    "TYPE":  "user",
    "KEYS":  "release-keys",
    "SECURITY_PATCH":  "2021-03-05",
    "DEVICE_INITIAL_SDK_INT":  "25",
    "*.build.id":  "QKQ1.200830.002",
    "*.security_patch":  "2021-03-05",
    "*api_level":  "25",
    "ignore-FIRST_API_LEVEL":  "25",
    "_ORIGINAL_FIRST_API_LEVEL":  "29",
    "_DUMP_SOURCE":  "https://dumps.tadiphone.dev/dumps"
}