{
  // Build Fields
    "MANUFACTURER": "Unknown",
    "MODEL": "Nokia 7 plus",
    "FINGERPRINT": "Nokia/Onyx_00WW/B2N_sprout:10/QKQ1.190828.002/00WW_4_16B:user/release-keys",
    "BRAND": "Nokia",
    "PRODUCT": "Onyx_00WW",
    "DEVICE": "B2N_sprout",
    "RELEASE": "10",
    "ID": "QKQ1.190828.002",
    "INCREMENTAL": "00WW_4_16B",
    "TYPE": "user",
    "TAGS": "release-keys",
    "SECURITY_PATCH": "2020-09-01",
    "DEVICE_INITIAL_SDK_INT": "25",

  // System Properties
    "*.build.id": "QKQ1.190828.002",
    "*.security_patch": "2020-09-01",
    "*api_level": "25",

  // Advanced Settings
    "verboseLogs": "4",
    "_DUMP_SOURCE":  "https://dumps.tadiphone.dev/dumps"
}
