{
    "MANUFACTURER":  "Xiaomi",
    "MODEL":  "MI 8",
    "BRAND":  "Xiaomi",
    "PRODUCT":  "dipper",
    "DEVICE":  "dipper",
    "FINGERPRINT":  "Xiaomi/dipper/dipper:10/QKQ1.190828.002/V11.0.1.0.QEAMIXM:user/release-keys",
    "RELEASE":  "10",
    "ID":  "QKQ1.190828.002",
    "INCREMENTAL":  "V11.0.1.0.QEAMIXM",
    "TYPE":  "user",
    "KEYS":  "release-keys",
    "SECURITY_PATCH":  "2019-12-01",
    "DEVICE_INITIAL_SDK_INT":  "25",
    "*.build.id":  "QKQ1.190828.002",
    "*.security_patch":  "2019-12-01",
    "*api_level":  "25",
    "ignore-FIRST_API_LEVEL":  "25",
    "_ORIGINAL_FIRST_API_LEVEL":  "27",
    "_DUMP_SOURCE":  "https://dumps.tadiphone.dev/dumps"
}