{
  // Build Fields
    "MANUFACTURER": "FIH",
    "MODEL": "GSI-00WW",
    "FINGERPRINT": "Nokia/Crystal_00WW/CTL_sprout:9/PPR1.180610.011/00WW_3_54H:user/release-keys",
    "BRAND": "Nokia",
    "PRODUCT": "Crystal_00WW",
    "DEVICE": "CTL_sprout",
    "RELEASE": "9",
    "ID": "PPR1.180610.011",
    "INCREMENTAL": "00WW_3_54H",
    "TYPE": "user",
    "TAGS": "release-keys",
    "SECURITY_PATCH": "2019-07-01",
    "DEVICE_INITIAL_SDK_INT": "25",

  // System Properties
    "*.build.id": "PPR1.180610.011",
    "*.security_patch": "2019-07-01",
    "*api_level": "25",

  // Advanced Settings
    "verboseLogs": "4",
    "_DUMP_SOURCE":  "https://dumps.tadiphone.dev/dumps"
}
