{
    "MANUFACTURER":  "Google",
    "MODEL":  "Pixel",
    "BRAND":  "google",
    "PRODUCT":  "sailfish",
    "DEVICE":  "sailfish",
    "FINGERPRINT":  "google/sailfish/sailfish:9/PQ1A.190105.004/5148680:user/release-keys",
    "RELEASE":  "9",
    "ID":  "PQ1A.190105.004",
    "INCREMENTAL":  "5148680",
    "TYPE":  "user",
    "KEYS":  "release-keys",
    "SECURITY_PATCH":  "2019-01-05",
    "DEVICE_INITIAL_SDK_INT":  "28",
    "*.build.id":  "PQ1A.190105.004",
    "*.security_patch":  "2019-01-05",
    "*api_level":  "28",
    "ignore-FIRST_API_LEVEL":  "28",
    "_DUMP_SOURCE":  "https://desktop.firmware.mobi/"
}