{
    "MANUFACTURER":  "Razer",
    "MODEL":  "Phone 2",
    "BRAND":  "razer",
    "PRODUCT":  "cheryl2",
    "DEVICE":  "bolt",
    "FINGERPRINT":  "razer/cheryl2/bolt:9/P-SMR1-RC008-ATT-190626/3239:user/release-keys",
    "RELEASE":  "9",
    "ID":  "P-SMR1-RC008-ATT-190626",
    "INCREMENTAL":  "3239",
    "TYPE":  "user",
    "KEYS":  "release-keys",
    "SECURITY_PATCH":  "2019-07-05",
    "DEVICE_INITIAL_SDK_INT":  "25",
    "*.build.id":  "P-SMR1-RC008-ATT-190626",
    "*.security_patch":  "2019-07-05",
    "*api_level":  "25",
    "ignore-FIRST_API_LEVEL":  "25",
    "_ORIGINAL_FIRST_API_LEVEL":  "27",
    "_DUMP_SOURCE":  "https://dumps.tadiphone.dev/dumps"
}