{
    "MANUFACTURER":  "samsung",
    "MODEL":  "SM-G975F",
    "BRAND":  "samsung",
    "PRODUCT":  "beyond2ltexx",
    "DEVICE":  "beyond2",
    "FINGERPRINT":  "samsung/beyond2ltexx/beyond2:9/PPR1.180610.011/G975FXXU1ASC8:user/release-keys",
    "RELEASE":  "9",
    "ID":  "PPR1.180610.011",
    "INCREMENTAL":  "G975FXXU1ASC8",
    "TYPE":  "user",
    "KEYS":  "release-keys",
    "SECURITY_PATCH":  "2019-03-01",
    "DEVICE_INITIAL_SDK_INT":  "25",
    "*.build.id":  "PPR1.180610.011",
    "*.security_patch":  "2019-03-01",
    "*api_level":  "25",
    "ignore-FIRST_API_LEVEL":  "25",
    "_ORIGINAL_FIRST_API_LEVEL":  "28",
    "_DUMP_SOURCE":  "https://desktop.firmware.mobi/"
}