{
    "MANUFACTURER":  "samsung",
    "MODEL":  "SM-G970F",
    "BRAND":  "samsung",
    "PRODUCT":  "beyond0ltexx",
    "DEVICE":  "beyond0",
    "FINGERPRINT":  "samsung/beyond0ltexx/beyond0:9/PPR1.180610.011/G970FXXU1ASC8:user/release-keys",
    "RELEASE":  "9",
    "ID":  "PPR1.180610.011",
    "INCREMENTAL":  "G970FXXU1ASC8",
    "TYPE":  "user",
    "KEYS":  "release-keys",
    "SECURITY_PATCH":  "2019-03-01",
    "DEVICE_INITIAL_SDK_INT":  "25",
    "*.build.id":  "PPR1.180610.011",
    "*.security_patch":  "2019-03-01",
    "*api_level":  "25",
    "ignore-FIRST_API_LEVEL":  "25",
    "_ORIGINAL_FIRST_API_LEVEL":  "28",
    "_DUMP_SOURCE":  "https://desktop.firmware.mobi/"
}