{
    "MANUFACTURER":  "samsung",
    "MODEL":  "SM-G965F",
    "BRAND":  "samsung",
    "PRODUCT":  "star2ltexx",
    "DEVICE":  "star2lte",
    "FINGERPRINT":  "samsung/star2ltexx/star2lte:9/PPR1.180610.011/G965FXXS3CSDB:user/release-keys",
    "RELEASE":  "9",
    "ID":  "PPR1.180610.011",
    "INCREMENTAL":  "G965FXXS3CSDB",
    "TYPE":  "user",
    "KEYS":  "release-keys",
    "SECURITY_PATCH":  "2019-04-01",
    "DEVICE_INITIAL_SDK_INT":  "25",
    "*.build.id":  "PPR1.180610.011",
    "*.security_patch":  "2019-04-01",
    "*api_level":  "25",
    "ignore-FIRST_API_LEVEL":  "25",
    "_ORIGINAL_FIRST_API_LEVEL":  "28",
    "_DUMP_SOURCE":  "https://desktop.firmware.mobi/"
}