{
    "MANUFACTURER":  "Xiaomi",
    "MODEL":  "Redmi Note 8 Pro",
    "BRAND":  "Redmi",
    "PRODUCT":  "begoniain",
    "DEVICE":  "begoniain",
    "FINGERPRINT":  "Redmi/begoniain/begoniain:9/PPR1.180610.011/V11.0.1.0.PGGINXM:user/release-keys",
    "RELEASE":  "9",
    "ID":  "PPR1.180610.011",
    "INCREMENTAL":  "V11.0.1.0.PGGINXM",
    "TYPE":  "user",
    "KEYS":  "release-keys",
    "SECURITY_PATCH":  "2019-10-01",
    "DEVICE_INITIAL_SDK_INT":  "25",
    "*.build.id":  "PPR1.180610.011",
    "*.security_patch":  "2019-10-01",
    "*api_level":  "25",
    "ignore-FIRST_API_LEVEL":  "25",
    "_ORIGINAL_FIRST_API_LEVEL":  "28",
    "_DUMP_SOURCE":  "https://dumps.tadiphone.dev/dumps"
}