{
    "MANUFACTURER":  "Xiaomi",
    "MODEL":  "MI 8 Pro",
    "BRAND":  "Xiaomi",
    "PRODUCT":  "equuleus",
    "DEVICE":  "equuleus",
    "FINGERPRINT":  "Xiaomi/equuleus/equuleus:9/PKQ1.180729.001/V10.3.4.0.PECMIXM:user/release-keys",
    "RELEASE":  "9",
    "ID":  "PKQ1.180729.001",
    "INCREMENTAL":  "V10.3.4.0.PECMIXM",
    "TYPE":  "user",
    "KEYS":  "release-keys",
    "SECURITY_PATCH":  "2019-06-01",
    "DEVICE_INITIAL_SDK_INT":  "25",
    "*.build.id":  "PKQ1.180729.001",
    "*.security_patch":  "2019-06-01",
    "*api_level":  "25",
    "ignore-FIRST_API_LEVEL":  "25",
    "_ORIGINAL_FIRST_API_LEVEL":  "27",
    "_DUMP_SOURCE":  "https://dumps.tadiphone.dev/dumps"
}