{
    "MANUFACTURER":  "Xiaomi",
    "MODEL":  "Mi MIX 3 5G",
    "BRAND":  "Xiaomi",
    "PRODUCT":  "andromeda_eea",
    "DEVICE":  "andromeda",
    "FINGERPRINT":  "Xiaomi/andromeda_eea/andromeda:9/PKQ1.190321.001/V10.3.23.0.PEMEUXM:user/release-keys",
    "RELEASE":  "9",
    "ID":  "PKQ1.190321.001",
    "INCREMENTAL":  "V10.3.23.0.PEMEUXM",
    "TYPE":  "user",
    "KEYS":  "release-keys",
    "SECURITY_PATCH":  "2020-01-01",
    "DEVICE_INITIAL_SDK_INT":  "25",
    "*.build.id":  "PKQ1.190321.001",
    "*.security_patch":  "2020-01-01",
    "*api_level":  "25",
    "ignore-FIRST_API_LEVEL":  "25",
    "_ORIGINAL_FIRST_API_LEVEL":  "28",
    "_DUMP_SOURCE":  "https://dumps.tadiphone.dev/dumps"
}