{
  // Build Fields
    "MANUFACTURER": "samsung",
    "MODEL": "SM-G935VC",
    "FINGERPRINT": "samsung/hero2qltecctvzw/hero2qltecctvzw:8.0.0/R16NW/G935VCCTU4CRE5:user/release-keys",
    "BRAND": "samsung",
    "PRODUCT": "hero2qltecctvzw",
    "DEVICE": "hero2qltecctvzw",
    "RELEASE": "8.0.0",
    "ID": "R16NW",
    "INCREMENTAL": "G935VCCTU4CRE5",
    "TYPE": "user",
    "TAGS": "release-keys",
    "SECURITY_PATCH": "2018-04-01",
    "DEVICE_INITIAL_SDK_INT": "26",

  // System Properties
    "*.build.id": "R16NW",
    "*.security_patch": "2018-04-01",
    "*api_level": "26",

  // Additional fields
    "_DUMP_SOURCE": "https://desktop.firmware.mobi/",
    "verboseLogs": "4"
}
