{
  // Build Fields
    "MANUFACTURER": "Xiaomi",
    "MODEL": "Mi 10 Pro",
    "FINGERPRINT": "Xiaomi/cmi_eea/cmi:11/RKQ1.200826.002/V12.2.7.0.RJAEUXM:user/release-keys",
    "BRAND": "Xiaomi",
    "PRODUCT": "cmi_eea",
    "DEVICE": "cmi",
    "RELEASE": "11",
    "ID": "RKQ1.200826.002",
    "INCREMENTAL": "V12.2.7.0.RJAEUXM",
    "TYPE": "user",
    "TAGS": "release-keys",
    "SECURITY_PATCH": "2021-03-01",
    "DEVICE_INITIAL_SDK_INT": "25",

  // System Properties
    "*.build.id": "RKQ1.200826.002",
    "*.security_patch": "2021-03-01",
    "*api_level": "25",

  // Additional fields
    "_DUMP_SOURCE": "https://dumps.tadiphone.dev/dumps",
    "verboseLogs": "4"
}
