{
  // Build Fields
    "MANUFACTURER": "OnePlus",
    "MODEL": "KB2005",
    "FINGERPRINT": "OnePlus/OnePlus8T_BETA/OnePlus8T:11/RP1A.201005.001/2106040933:user/release-keys",
    "BRAND": "OnePlus",
    "PRODUCT": "OnePlus8T_BETA",
    "DEVICE": "OnePlus8T",
    "RELEASE": "11",
    "ID": "RP1A.201005.001",
    "INCREMENTAL": "2106040933",
    "TYPE": "user",
    "TAGS": "release-keys",
    "SECURITY_PATCH": "2021-06-01",
    "DEVICE_INITIAL_SDK_INT": "25",

  // System Properties
    "*.build.id": "RP1A.201005.001",
    "*.security_patch": "2021-06-01",
    "*api_level": "25",

  // Additional fields
    "_ORIGINAL_FIRST_API_LEVEL": "30",
    "_DUMP_SOURCE": "https://dumps.tadiphone.dev/dumps",
    "verboseLogs": "4"
}
