{
  // Build Fields
    "MANUFACTURER": "Google",
    "MODEL": "Pixel 6a",
    "FINGERPRINT": "google/bluejay_beta/bluejay:16/BP31.250523.010/13667654:user/release-keys",
    "BRAND": "google",
    "PRODUCT": "bluejay_beta",
    "DEVICE": "bluejay",
    "RELEASE": "16",
    "ID": "BP31.250523.010",
    "INCREMENTAL": "13667654",
    "TYPE": "user",
    "TAGS": "release-keys",
    "SECURITY_PATCH": "2025-06-05",
    "DEVICE_INITIAL_SDK_INT": "32",

  // Additional Fields
    "_ORIGINAL_FIRST_API_LEVEL": "",
    "_DUMP_SOURCE": "",

  // System Properties
    "*.build.id": "BP31.250523.010",
    "*.security_patch": "2025-06-05",
    "*api_level": "32",

  // Advanced Settings
    "spoofBuild": "1",
    "spoofProps": "1",
    "spoofProvider": "1",
    "spoofSignature": "0",
    "spoofVendingSdk": "0",
    "verboseLogs": "3"

  // Name: A16-QPR1_2.1-Pixel_6a-bluejay
  // Beta Released: 2025-06-25
  // Estimated Expiry: 2025-08-06
}
