{
  // Build Fields
    "MANUFACTURER": "samsung",
    "MODEL": "SM-G892U",
    "FINGERPRINT": "samsung/cruiserltesq/cruiserltesq:8.0.0/R16NW/G892USQU1BRC5:user/release-keys",
    "BRAND": "samsung",
    "PRODUCT": "cruiserltesq",
    "DEVICE": "cruiserltesq",
    "RELEASE": "8.0.0",
    "ID": "R16NW",
    "INCREMENTAL": "G892USQU1BRC5",
    "TYPE": "user",
    "TAGS": "release-keys",
    "SECURITY_PATCH": "2018-03-01",
    "DEVICE_INITIAL_SDK_INT": "26",

  // System Properties
    "*.build.id": "R16NW",
    "*.security_patch": "2018-03-01",
    "*api_level": "26",

  // Additional fields
    "_DUMP_SOURCE": "https://desktop.firmware.mobi/",
    "verboseLogs": "4"
}
