{
  // Build Fields
    "MANUFACTURER": "samsung",
    "MODEL": "SM-G930F",
    "FINGERPRINT": "samsung/heroltexx/herolte:8.0.0/R16NW/G930FXXS2ERG1:user/release-keys",
    "BRAND": "samsung",
    "PRODUCT": "heroltexx",
    "DEVICE": "herolte",
    "RELEASE": "8.0.0",
    "ID": "R16NW",
    "INCREMENTAL": "G930FXXS2ERG1",
    "TYPE": "user",
    "TAGS": "release-keys",
    "SECURITY_PATCH": "2018-07-01",
    "DEVICE_INITIAL_SDK_INT": "26",

  // System Properties
    "*.build.id": "R16NW",
    "*.security_patch": "2018-07-01",
    "*api_level": "26",

  // Additional fields
    "_DUMP_SOURCE": "https://desktop.firmware.mobi/",
    "verboseLogs": "4"
}
