{
  // Build Fields
    "MANUFACTURER": "samsung",
    "MODEL": "SM-G9650",
    "FINGERPRINT": "samsung/star2qltezc/star2qltechn:8.0.0/R16NW/G9650ZCU3ARJ1:user/release-keys",
    "BRAND": "samsung",
    "PRODUCT": "star2qltezc",
    "DEVICE": "star2qltechn",
    "RELEASE": "8.0.0",
    "ID": "R16NW",
    "INCREMENTAL": "G9650ZCU3ARJ1",
    "TYPE": "user",
    "TAGS": "release-keys",
    "SECURITY_PATCH": "2018-10-01",
    "DEVICE_INITIAL_SDK_INT": "25",

  // System Properties
    "*.build.id": "R16NW",
    "*.security_patch": "2018-10-01",
    "*api_level": "25",

  // Additional fields
    "_ORIGINAL_FIRST_API_LEVEL": "26",
    "_DUMP_SOURCE": "https://desktop.firmware.mobi/",
    "verboseLogs": "4"
}
